0, 0, Header, 1, 4, 960
1, 0, Start_track
1, 0, Title_t, "untitled"
1, 0, Text_t, "Can't Stop"
1, 0, Text_t, ""
1, 0, Text_t, "Red Hot Chili Peppers"
1, 0, Text_t, "By The Way"
1, 0, Text_t, ""
1, 0, Text_t, ""
1, 0, Copyright_t, "Copyright 2017 by Gitaro"
1, 0, Marker_t, "Can't Stop / Red Hot Chili Peppers - Copyright 2017 by Gitaro"
1, 0, MIDI_port, 0
1, 0, Key_signature, 1, "major"
1, 0, Time_signature, 4, 2, 24, 8
1, 0, Tempo, 681818
1, 0, End_track
2, 0, Start_track
2, 0, MIDI_port, 1
2, 0, Title_t, "Chad"
2, 0, Program_c, 9, 0
2, 0, Note_on_c, 9, 36, 95
2, 0, Note_on_c, 9, 42, 95
2, 120, Note_off_c, 9, 0, 0
2, 120, Note_on_c, 9, 36, 95
2, 720, Note_on_c, 9, 38, 95
2, 720, Note_on_c, 9, 42, 95
2, 840, Note_off_c, 9, 0, 0
2, 1200, Note_on_c, 9, 38, 95
2, 4080, Note_on_c, 9, 42, 95
2, 4200, Note_off_c, 9, 0, 0
2, 12600, Note_on_c, 9, 42, 95
2, 12720, Note_off_c, 9, 0, 0
2, 13800, Note_on_c, 9, 42, 95
2, 13920, Note_off_c, 9, 0, 0
2, 14280, Note_on_c, 9, 42, 95
2, 14400, Note_off_c, 9, 0, 0
2, 16440, Note_on_c, 9, 42, 95
2, 16560, Note_off_c, 9, 0, 0
2, 16800, Note_on_c, 9, 42, 95
2, 16920, Note_off_c, 9, 0, 0
2, 20760, Note_on_c, 9, 42, 95
2, 20880, Note_off_c, 9, 0, 0
2, 21240, Note_on_c, 9, 42, 95
2, 21360, Note_off_c, 9, 0, 0
2, 24240, Note_on_c, 9, 36, 95
2, 25680, Note_on_c, 9, 42, 95
2, 25800, Note_off_c, 9, 0, 0
2, 25920, Note_on_c, 9, 42, 95
2, 26040, Note_off_c, 9, 0, 0
2, 26400, Note_on_c, 9, 38, 95
2, 26640, Note_on_c, 9, 42, 95
2, 26760, Note_off_c, 9, 0, 0
2, 27120, Note_on_c, 9, 42, 95
2, 27240, Note_off_c, 9, 0, 0
2, 27240, Note_on_c, 9, 42, 95
2, 27360, Note_off_c, 9, 0, 0
2, 28800, Note_on_c, 9, 42, 95
2, 28920, Note_off_c, 9, 0, 0
2, 32520, Note_on_c, 9, 38, 95
2, 32520, Note_on_c, 9, 42, 95
2, 32640, Note_off_c, 9, 0, 0
2, 40080, Note_on_c, 9, 36, 95
2, 40440, Note_on_c, 9, 42, 95
2, 40560, Note_off_c, 9, 0, 0
2, 45600, Note_on_c, 9, 42, 95
2, 45720, Note_off_c, 9, 0, 0
2, 46920, Note_on_c, 9, 42, 95
2, 47040, Note_off_c, 9, 0, 0
2, 47760, Note_on_c, 9, 42, 95
2, 47880, Note_off_c, 9, 0, 0
2, 47880, Note_on_c, 9, 42, 95
2, 48000, Note_off_c, 9, 0, 0
2, 53760, Note_on_c, 9, 36, 95
2, 53760, Note_on_c, 9, 38, 95
2, 53760, Note_on_c, 9, 42, 95
2, 53880, Note_off_c, 9, 0, 0
2, 54720, Note_on_c, 9, 36, 95
2, 54720, Note_on_c, 9, 38, 95
2, 54720, Note_on_c, 9, 42, 95
2, 54840, Note_off_c, 9, 0, 0
2, 55200, Note_on_c, 9, 36, 95
2, 55200, Note_on_c, 9, 38, 95
2, 55200, Note_on_c, 9, 42, 95
2, 55320, Note_off_c, 9, 0, 0
2, 55920, Note_on_c, 9, 42, 95
2, 56040, Note_off_c, 9, 0, 0
2, 56400, Note_on_c, 9, 36, 95
2, 56400, Note_on_c, 9, 38, 95
2, 56400, Note_on_c, 9, 42, 95
2, 56520, Note_off_c, 9, 0, 0
2, 56880, Note_on_c, 9, 36, 95
2, 56880, Note_on_c, 9, 38, 95
2, 56880, Note_on_c, 9, 42, 95
2, 57000, Note_off_c, 9, 0, 0
2, 57600, Note_on_c, 9, 42, 95
2, 57720, Note_off_c, 9, 0, 0
2, 58080, Note_on_c, 9, 36, 95
2, 58080, Note_on_c, 9, 38, 95
2, 58080, Note_on_c, 9, 42, 95
2, 58200, Note_off_c, 9, 0, 0
2, 58560, Note_on_c, 9, 36, 95
2, 58560, Note_on_c, 9, 38, 95
2, 58560, Note_on_c, 9, 42, 95
2, 58680, Note_off_c, 9, 0, 0
2, 59040, Note_on_c, 9, 36, 95
2, 59040, Note_on_c, 9, 42, 95
2, 59160, Note_off_c, 9, 0, 0
2, 59760, Note_on_c, 9, 42, 95
2, 59880, Note_off_c, 9, 0, 0
2, 60240, Note_on_c, 9, 36, 95
2, 60240, Note_on_c, 9, 38, 95
2, 60240, Note_on_c, 9, 42, 95
2, 60360, Note_off_c, 9, 0, 0
2, 60720, Note_on_c, 9, 36, 95
2, 60720, Note_on_c, 9, 42, 95
2, 60840, Note_off_c, 9, 0, 0
2, 61440, Note_on_c, 9, 42, 95
2, 61560, Note_off_c, 9, 0, 0
2, 61920, Note_on_c, 9, 36, 95
2, 61920, Note_on_c, 9, 38, 95
2, 61920, Note_on_c, 9, 42, 95
2, 62040, Note_off_c, 9, 0, 0
2, 62400, Note_on_c, 9, 36, 95
2, 62400, Note_on_c, 9, 42, 95
2, 62520, Note_off_c, 9, 0, 0
2, 62880, Note_on_c, 9, 36, 95
2, 62880, Note_on_c, 9, 42, 95
2, 63000, Note_off_c, 9, 0, 0
2, 63360, Note_on_c, 9, 36, 95
2, 63360, Note_on_c, 9, 42, 95
2, 63480, Note_off_c, 9, 0, 0
2, 64080, Note_on_c, 9, 36, 95
2, 64080, Note_on_c, 9, 42, 95
2, 64200, Note_off_c, 9, 0, 0
2, 64560, Note_on_c, 9, 36, 95
2, 64560, Note_on_c, 9, 42, 95
2, 64680, Note_off_c, 9, 0, 0
2, 65520, Note_on_c, 9, 42, 95
2, 65640, Note_off_c, 9, 0, 0
2, 66000, Note_on_c, 9, 38, 95
2, 66240, Note_on_c, 9, 36, 95
2, 66240, Note_on_c, 9, 38, 95
2, 66240, Note_on_c, 9, 42, 95
2, 66360, Note_off_c, 9, 0, 0
2, 66720, Note_on_c, 9, 36, 95
2, 66720, Note_on_c, 9, 42, 95
2, 66840, Note_off_c, 9, 0, 0
2, 67440, Note_on_c, 9, 42, 95
2, 67560, Note_off_c, 9, 0, 0
2, 67920, Note_on_c, 9, 36, 95
2, 67920, Note_on_c, 9, 38, 95
2, 67920, Note_on_c, 9, 42, 95
2, 68040, Note_off_c, 9, 0, 0
2, 68400, Note_on_c, 9, 36, 95
2, 68400, Note_on_c, 9, 42, 95
2, 68520, Note_off_c, 9, 0, 0
2, 69360, Note_on_c, 9, 42, 95
2, 69480, Note_off_c, 9, 0, 0
2, 69840, Note_on_c, 9, 38, 95
2, 70080, Note_on_c, 9, 36, 95
2, 70080, Note_on_c, 9, 38, 95
2, 70080, Note_on_c, 9, 42, 95
2, 70200, Note_off_c, 9, 0, 0
2, 70560, Note_on_c, 9, 36, 95
2, 70560, Note_on_c, 9, 38, 95
2, 70560, Note_on_c, 9, 42, 95
2, 70680, Note_off_c, 9, 0, 0
2, 71280, Note_on_c, 9, 42, 95
2, 71400, Note_off_c, 9, 0, 0
2, 71760, Note_on_c, 9, 36, 95
2, 71760, Note_on_c, 9, 38, 95
2, 71760, Note_on_c, 9, 42, 95
2, 71880, Note_off_c, 9, 0, 0
2, 72240, Note_on_c, 9, 36, 95
2, 72240, Note_on_c, 9, 38, 95
2, 72240, Note_on_c, 9, 42, 95
2, 72360, Note_off_c, 9, 0, 0
2, 72960, Note_on_c, 9, 42, 95
2, 73080, Note_off_c, 9, 0, 0
2, 73440, Note_on_c, 9, 36, 95
2, 73440, Note_on_c, 9, 38, 95
2, 73440, Note_on_c, 9, 42, 95
2, 73560, Note_off_c, 9, 0, 0
2, 73920, Note_on_c, 9, 36, 95
2, 73920, Note_on_c, 9, 38, 95
2, 73920, Note_on_c, 9, 42, 95
2, 74040, Note_off_c, 9, 0, 0
2, 74400, Note_on_c, 9, 36, 95
2, 74400, Note_on_c, 9, 42, 95
2, 74520, Note_off_c, 9, 0, 0
2, 75120, Note_on_c, 9, 42, 95
2, 75240, Note_off_c, 9, 0, 0
2, 75600, Note_on_c, 9, 36, 95
2, 75600, Note_on_c, 9, 38, 95
2, 75600, Note_on_c, 9, 42, 95
2, 75720, Note_off_c, 9, 0, 0
2, 76080, Note_on_c, 9, 36, 95
2, 76080, Note_on_c, 9, 42, 95
2, 76200, Note_off_c, 9, 0, 0
2, 76800, Note_on_c, 9, 42, 95
2, 76920, Note_off_c, 9, 0, 0
2, 77280, Note_on_c, 9, 36, 95
2, 77280, Note_on_c, 9, 38, 95
2, 77280, Note_on_c, 9, 42, 95
2, 77400, Note_off_c, 9, 0, 0
2, 77760, Note_on_c, 9, 36, 95
2, 77760, Note_on_c, 9, 42, 95
2, 77880, Note_off_c, 9, 0, 0
2, 78240, Note_on_c, 9, 36, 95
2, 78240, Note_on_c, 9, 42, 95
2, 78360, Note_off_c, 9, 0, 0
2, 78720, Note_on_c, 9, 36, 95
2, 78720, Note_on_c, 9, 42, 95
2, 78840, Note_off_c, 9, 0, 0
2, 79440, Note_on_c, 9, 36, 95
2, 79440, Note_on_c, 9, 42, 95
2, 79560, Note_off_c, 9, 0, 0
2, 79920, Note_on_c, 9, 36, 95
2, 79920, Note_on_c, 9, 42, 95
2, 80040, Note_off_c, 9, 0, 0
2, 80880, Note_on_c, 9, 42, 95
2, 81000, Note_off_c, 9, 0, 0
2, 81360, Note_on_c, 9, 38, 95
2, 81600, Note_on_c, 9, 36, 95
2, 81600, Note_on_c, 9, 38, 95
2, 81600, Note_on_c, 9, 42, 95
2, 81720, Note_off_c, 9, 0, 0
2, 82080, Note_on_c, 9, 36, 95
2, 82080, Note_on_c, 9, 42, 95
2, 82200, Note_off_c, 9, 0, 0
2, 82800, Note_on_c, 9, 42, 95
2, 82920, Note_off_c, 9, 0, 0
2, 83280, Note_on_c, 9, 36, 95
2, 83280, Note_on_c, 9, 38, 95
2, 83280, Note_on_c, 9, 42, 95
2, 83400, Note_off_c, 9, 0, 0
2, 83760, Note_on_c, 9, 36, 95
2, 83760, Note_on_c, 9, 42, 95
2, 83880, Note_off_c, 9, 0, 0
2, 84720, Note_on_c, 9, 42, 95
2, 84840, Note_off_c, 9, 0, 0
2, 85200, Note_on_c, 9, 38, 95
2, 85440, Note_on_c, 9, 36, 95
2, 85440, Note_on_c, 9, 38, 95
2, 85440, Note_on_c, 9, 42, 95
2, 85560, Note_off_c, 9, 0, 0
2, 85920, Note_on_c, 9, 36, 95
2, 85920, Note_on_c, 9, 38, 95
2, 85920, Note_on_c, 9, 42, 95
2, 86040, Note_off_c, 9, 0, 0
2, 86640, Note_on_c, 9, 42, 95
2, 86760, Note_off_c, 9, 0, 0
2, 87120, Note_on_c, 9, 36, 95
2, 87120, Note_on_c, 9, 38, 95
2, 87120, Note_on_c, 9, 42, 95
2, 87240, Note_off_c, 9, 0, 0
2, 87600, Note_on_c, 9, 36, 95
2, 87600, Note_on_c, 9, 38, 95
2, 87600, Note_on_c, 9, 42, 95
2, 87720, Note_off_c, 9, 0, 0
2, 89280, Note_on_c, 9, 36, 95
2, 89280, Note_on_c, 9, 38, 95
2, 89280, Note_on_c, 9, 42, 95
2, 89400, Note_off_c, 9, 0, 0
2, 89760, Note_on_c, 9, 36, 95
2, 89760, Note_on_c, 9, 42, 95
2, 89880, Note_off_c, 9, 0, 0
2, 90480, Note_on_c, 9, 42, 95
2, 90600, Note_off_c, 9, 0, 0
2, 90960, Note_on_c, 9, 36, 95
2, 90960, Note_on_c, 9, 38, 95
2, 90960, Note_on_c, 9, 42, 95
2, 91080, Note_off_c, 9, 0, 0
2, 91440, Note_on_c, 9, 36, 95
2, 91440, Note_on_c, 9, 42, 95
2, 91560, Note_off_c, 9, 0, 0
2, 93120, Note_on_c, 9, 36, 95
2, 93120, Note_on_c, 9, 42, 95
2, 93240, Note_off_c, 9, 0, 0
2, 93600, Note_on_c, 9, 36, 95
2, 93600, Note_on_c, 9, 42, 95
2, 93720, Note_off_c, 9, 0, 0
2, 94080, Note_on_c, 9, 36, 95
2, 94080, Note_on_c, 9, 42, 95
2, 94200, Note_off_c, 9, 0, 0
2, 94800, Note_on_c, 9, 36, 95
2, 94800, Note_on_c, 9, 42, 95
2, 94920, Note_off_c, 9, 0, 0
2, 95280, Note_on_c, 9, 36, 95
2, 95280, Note_on_c, 9, 42, 95
2, 95400, Note_off_c, 9, 0, 0
2, 96480, Note_on_c, 9, 42, 95
2, 96600, Note_off_c, 9, 0, 0
2, 96960, Note_on_c, 9, 36, 95
2, 96960, Note_on_c, 9, 38, 95
2, 96960, Note_on_c, 9, 42, 95
2, 97080, Note_off_c, 9, 0, 0
2, 97440, Note_on_c, 9, 36, 95
2, 97440, Note_on_c, 9, 42, 95
2, 97560, Note_off_c, 9, 0, 0
2, 98160, Note_on_c, 9, 42, 95
2, 98280, Note_off_c, 9, 0, 0
2, 98640, Note_on_c, 9, 36, 95
2, 98640, Note_on_c, 9, 38, 95
2, 98640, Note_on_c, 9, 42, 95
2, 98760, Note_off_c, 9, 0, 0
2, 99120, Note_on_c, 9, 36, 95
2, 99120, Note_on_c, 9, 42, 95
2, 99240, Note_off_c, 9, 0, 0
2, 100080, Note_on_c, 9, 42, 95
2, 100200, Note_off_c, 9, 0, 0
2, 100560, Note_on_c, 9, 38, 95
2, 104760, Note_on_c, 9, 36, 95
2, 105240, Note_on_c, 9, 42, 95
2, 105360, Note_off_c, 9, 0, 0
2, 106080, Note_on_c, 9, 36, 95
2, 106080, Note_on_c, 9, 38, 95
2, 106080, Note_on_c, 9, 42, 95
2, 106200, Note_off_c, 9, 0, 0
2, 107280, Note_on_c, 9, 42, 95
2, 107400, Note_off_c, 9, 0, 0
2, 107760, Note_on_c, 9, 38, 95
2, 111960, Note_on_c, 9, 36, 95
2, 113760, Note_on_c, 9, 36, 95
2, 113760, Note_on_c, 9, 38, 95
2, 113760, Note_on_c, 9, 42, 95
2, 113880, Note_off_c, 9, 0, 0
2, 114960, Note_on_c, 9, 42, 95
2, 115080, Note_off_c, 9, 0, 0
2, 115440, Note_on_c, 9, 38, 95
2, 119640, Note_on_c, 9, 36, 95
2, 121440, Note_on_c, 9, 36, 95
2, 121440, Note_on_c, 9, 38, 95
2, 121440, Note_on_c, 9, 42, 95
2, 121560, Note_off_c, 9, 0, 0
2, 122640, Note_on_c, 9, 42, 95
2, 122760, Note_off_c, 9, 0, 0
2, 123120, Note_on_c, 9, 38, 95
2, 127320, Note_on_c, 9, 36, 95
2, 127680, Note_on_c, 9, 36, 95
2, 127680, Note_on_c, 9, 38, 95
2, 127680, Note_on_c, 9, 42, 95
2, 127800, Note_off_c, 9, 0, 0
2, 131040, Note_on_c, 9, 42, 95
2, 131160, Note_off_c, 9, 0, 0
2, 131520, Note_on_c, 9, 36, 95
2, 131520, Note_on_c, 9, 38, 95
2, 131520, Note_on_c, 9, 42, 95
2, 131640, Note_off_c, 9, 0, 0
2, 132000, Note_on_c, 9, 36, 95
2, 132000, Note_on_c, 9, 38, 95
2, 132000, Note_on_c, 9, 42, 95
2, 132120, Note_off_c, 9, 0, 0
2, 132720, Note_on_c, 9, 42, 95
2, 132840, Note_off_c, 9, 0, 0
2, 133200, Note_on_c, 9, 36, 95
2, 133200, Note_on_c, 9, 38, 95
2, 133200, Note_on_c, 9, 42, 95
2, 133320, Note_off_c, 9, 0, 0
2, 133680, Note_on_c, 9, 36, 95
2, 133680, Note_on_c, 9, 38, 95
2, 133680, Note_on_c, 9, 42, 95
2, 133800, Note_off_c, 9, 0, 0
2, 135360, Note_on_c, 9, 36, 95
2, 135360, Note_on_c, 9, 38, 95
2, 135360, Note_on_c, 9, 42, 95
2, 135480, Note_off_c, 9, 0, 0
2, 135840, Note_on_c, 9, 36, 95
2, 135840, Note_on_c, 9, 42, 95
2, 135960, Note_off_c, 9, 0, 0
2, 136560, Note_on_c, 9, 42, 95
2, 136680, Note_off_c, 9, 0, 0
2, 137040, Note_on_c, 9, 36, 95
2, 137040, Note_on_c, 9, 38, 95
2, 137040, Note_on_c, 9, 42, 95
2, 137160, Note_off_c, 9, 0, 0
2, 137520, Note_on_c, 9, 36, 95
2, 137520, Note_on_c, 9, 42, 95
2, 137640, Note_off_c, 9, 0, 0
2, 139200, Note_on_c, 9, 36, 95
2, 139200, Note_on_c, 9, 42, 95
2, 139320, Note_off_c, 9, 0, 0
2, 139680, Note_on_c, 9, 36, 95
2, 139680, Note_on_c, 9, 42, 95
2, 139800, Note_off_c, 9, 0, 0
2, 140160, Note_on_c, 9, 36, 95
2, 140160, Note_on_c, 9, 42, 95
2, 140280, Note_off_c, 9, 0, 0
2, 140880, Note_on_c, 9, 36, 95
2, 140880, Note_on_c, 9, 42, 95
2, 141000, Note_off_c, 9, 0, 0
2, 141360, Note_on_c, 9, 36, 95
2, 141360, Note_on_c, 9, 42, 95
2, 141480, Note_off_c, 9, 0, 0
2, 142560, Note_on_c, 9, 42, 95
2, 142680, Note_off_c, 9, 0, 0
2, 143040, Note_on_c, 9, 36, 95
2, 143040, Note_on_c, 9, 38, 95
2, 143040, Note_on_c, 9, 42, 95
2, 143160, Note_off_c, 9, 0, 0
2, 143520, Note_on_c, 9, 36, 95
2, 143520, Note_on_c, 9, 42, 95
2, 143640, Note_off_c, 9, 0, 0
2, 144240, Note_on_c, 9, 42, 95
2, 144360, Note_off_c, 9, 0, 0
2, 144720, Note_on_c, 9, 36, 95
2, 144720, Note_on_c, 9, 38, 95
2, 144720, Note_on_c, 9, 42, 95
2, 144840, Note_off_c, 9, 0, 0
2, 145200, Note_on_c, 9, 36, 95
2, 145200, Note_on_c, 9, 42, 95
2, 145320, Note_off_c, 9, 0, 0
2, 146160, Note_on_c, 9, 42, 95
2, 146280, Note_off_c, 9, 0, 0
2, 146640, Note_on_c, 9, 38, 95
2, 146880, Note_on_c, 9, 36, 95
2, 146880, Note_on_c, 9, 38, 95
2, 146880, Note_on_c, 9, 42, 95
2, 147000, Note_off_c, 9, 0, 0
2, 147360, Note_on_c, 9, 36, 95
2, 147360, Note_on_c, 9, 38, 95
2, 147360, Note_on_c, 9, 42, 95
2, 147480, Note_off_c, 9, 0, 0
2, 148080, Note_on_c, 9, 42, 95
2, 148200, Note_off_c, 9, 0, 0
2, 148560, Note_on_c, 9, 36, 95
2, 148560, Note_on_c, 9, 38, 95
2, 148560, Note_on_c, 9, 42, 95
2, 148680, Note_off_c, 9, 0, 0
2, 149040, Note_on_c, 9, 36, 95
2, 149040, Note_on_c, 9, 38, 95
2, 149040, Note_on_c, 9, 42, 95
2, 149160, Note_off_c, 9, 0, 0
2, 149760, Note_on_c, 9, 42, 95
2, 149880, Note_off_c, 9, 0, 0
2, 150240, Note_on_c, 9, 36, 95
2, 150240, Note_on_c, 9, 38, 95
2, 150240, Note_on_c, 9, 42, 95
2, 150360, Note_off_c, 9, 0, 0
2, 150720, Note_on_c, 9, 36, 95
2, 150720, Note_on_c, 9, 38, 95
2, 150720, Note_on_c, 9, 42, 95
2, 150840, Note_off_c, 9, 0, 0
2, 151200, Note_on_c, 9, 36, 95
2, 151200, Note_on_c, 9, 42, 95
2, 151320, Note_off_c, 9, 0, 0
2, 151920, Note_on_c, 9, 42, 95
2, 152040, Note_off_c, 9, 0, 0
2, 152400, Note_on_c, 9, 36, 95
2, 152400, Note_on_c, 9, 38, 95
2, 152400, Note_on_c, 9, 42, 95
2, 152520, Note_off_c, 9, 0, 0
2, 152880, Note_on_c, 9, 36, 95
2, 152880, Note_on_c, 9, 42, 95
2, 153000, Note_off_c, 9, 0, 0
2, 153600, Note_on_c, 9, 42, 95
2, 153720, Note_off_c, 9, 0, 0
2, 154080, Note_on_c, 9, 36, 95
2, 154080, Note_on_c, 9, 38, 95
2, 154080, Note_on_c, 9, 42, 95
2, 154200, Note_off_c, 9, 0, 0
2, 154560, Note_on_c, 9, 36, 95
2, 154560, Note_on_c, 9, 42, 95
2, 154680, Note_off_c, 9, 0, 0
2, 155040, Note_on_c, 9, 36, 95
2, 155040, Note_on_c, 9, 42, 95
2, 155160, Note_off_c, 9, 0, 0
2, 155520, Note_on_c, 9, 36, 95
2, 155520, Note_on_c, 9, 42, 95
2, 155640, Note_off_c, 9, 0, 0
2, 156240, Note_on_c, 9, 36, 95
2, 156240, Note_on_c, 9, 42, 95
2, 156360, Note_off_c, 9, 0, 0
2, 156720, Note_on_c, 9, 36, 95
2, 156720, Note_on_c, 9, 42, 95
2, 156840, Note_off_c, 9, 0, 0
2, 157680, Note_on_c, 9, 42, 95
2, 157800, Note_off_c, 9, 0, 0
2, 158160, Note_on_c, 9, 38, 95
2, 158400, Note_on_c, 9, 36, 95
2, 158400, Note_on_c, 9, 38, 95
2, 158400, Note_on_c, 9, 42, 95
2, 158520, Note_off_c, 9, 0, 0
2, 158880, Note_on_c, 9, 36, 95
2, 158880, Note_on_c, 9, 42, 95
2, 159000, Note_off_c, 9, 0, 0
2, 159600, Note_on_c, 9, 42, 95
2, 159720, Note_off_c, 9, 0, 0
2, 160080, Note_on_c, 9, 36, 95
2, 160080, Note_on_c, 9, 38, 95
2, 160080, Note_on_c, 9, 42, 95
2, 160200, Note_off_c, 9, 0, 0
2, 160560, Note_on_c, 9, 36, 95
2, 160560, Note_on_c, 9, 42, 95
2, 160680, Note_off_c, 9, 0, 0
2, 161520, Note_on_c, 9, 42, 95
2, 161640, Note_off_c, 9, 0, 0
2, 162000, Note_on_c, 9, 38, 95
2, 162240, Note_on_c, 9, 36, 95
2, 162240, Note_on_c, 9, 38, 95
2, 162240, Note_on_c, 9, 42, 95
2, 162360, Note_off_c, 9, 0, 0
2, 162720, Note_on_c, 9, 36, 95
2, 162720, Note_on_c, 9, 38, 95
2, 162720, Note_on_c, 9, 42, 95
2, 162840, Note_off_c, 9, 0, 0
2, 163440, Note_on_c, 9, 42, 95
2, 163560, Note_off_c, 9, 0, 0
2, 163920, Note_on_c, 9, 36, 95
2, 163920, Note_on_c, 9, 38, 95
2, 163920, Note_on_c, 9, 42, 95
2, 164040, Note_off_c, 9, 0, 0
2, 164400, Note_on_c, 9, 36, 95
2, 164400, Note_on_c, 9, 38, 95
2, 164400, Note_on_c, 9, 42, 95
2, 164520, Note_off_c, 9, 0, 0
2, 165120, Note_on_c, 9, 42, 95
2, 165240, Note_off_c, 9, 0, 0
2, 165600, Note_on_c, 9, 36, 95
2, 165600, Note_on_c, 9, 38, 95
2, 165600, Note_on_c, 9, 42, 95
2, 165720, Note_off_c, 9, 0, 0
2, 166080, Note_on_c, 9, 36, 95
2, 166080, Note_on_c, 9, 38, 95
2, 166080, Note_on_c, 9, 42, 95
2, 166200, Note_off_c, 9, 0, 0
2, 166560, Note_on_c, 9, 36, 95
2, 166560, Note_on_c, 9, 42, 95
2, 166680, Note_off_c, 9, 0, 0
2, 167280, Note_on_c, 9, 42, 95
2, 167400, Note_off_c, 9, 0, 0
2, 167760, Note_on_c, 9, 36, 95
2, 167760, Note_on_c, 9, 38, 95
2, 167760, Note_on_c, 9, 42, 95
2, 167880, Note_off_c, 9, 0, 0
2, 168240, Note_on_c, 9, 36, 95
2, 168240, Note_on_c, 9, 42, 95
2, 168360, Note_off_c, 9, 0, 0
2, 168960, Note_on_c, 9, 42, 95
2, 169080, Note_off_c, 9, 0, 0
2, 169440, Note_on_c, 9, 36, 95
2, 169440, Note_on_c, 9, 38, 95
2, 169440, Note_on_c, 9, 42, 95
2, 169560, Note_off_c, 9, 0, 0
2, 169920, Note_on_c, 9, 36, 95
2, 169920, Note_on_c, 9, 42, 95
2, 170040, Note_off_c, 9, 0, 0
2, 170400, Note_on_c, 9, 36, 95
2, 170400, Note_on_c, 9, 42, 95
2, 170520, Note_off_c, 9, 0, 0
2, 170880, Note_on_c, 9, 36, 95
2, 170880, Note_on_c, 9, 42, 95
2, 171000, Note_off_c, 9, 0, 0
2, 171600, Note_on_c, 9, 36, 95
2, 171600, Note_on_c, 9, 42, 95
2, 171720, Note_off_c, 9, 0, 0
2, 172080, Note_on_c, 9, 36, 95
2, 172080, Note_on_c, 9, 42, 95
2, 172200, Note_off_c, 9, 0, 0
2, 173040, Note_on_c, 9, 42, 95
2, 173160, Note_off_c, 9, 0, 0
2, 173520, Note_on_c, 9, 38, 95
2, 173760, Note_on_c, 9, 36, 95
2, 173760, Note_on_c, 9, 38, 95
2, 173760, Note_on_c, 9, 42, 95
2, 173880, Note_off_c, 9, 0, 0
2, 174240, Note_on_c, 9, 36, 95
2, 174240, Note_on_c, 9, 42, 95
2, 174360, Note_off_c, 9, 0, 0
2, 174960, Note_on_c, 9, 42, 95
2, 175080, Note_off_c, 9, 0, 0
2, 175440, Note_on_c, 9, 36, 95
2, 175440, Note_on_c, 9, 38, 95
2, 175440, Note_on_c, 9, 42, 95
2, 175560, Note_off_c, 9, 0, 0
2, 175920, Note_on_c, 9, 36, 95
2, 175920, Note_on_c, 9, 42, 95
2, 176040, Note_off_c, 9, 0, 0
2, 176880, Note_on_c, 9, 42, 95
2, 177000, Note_off_c, 9, 0, 0
2, 177360, Note_on_c, 9, 38, 95
2, 177600, Note_on_c, 9, 36, 95
2, 177600, Note_on_c, 9, 38, 95
2, 177600, Note_on_c, 9, 42, 95
2, 177720, Note_off_c, 9, 0, 0
2, 178080, Note_on_c, 9, 36, 95
2, 178080, Note_on_c, 9, 38, 95
2, 178080, Note_on_c, 9, 42, 95
2, 178200, Note_off_c, 9, 0, 0
2, 178800, Note_on_c, 9, 42, 95
2, 178920, Note_off_c, 9, 0, 0
2, 179280, Note_on_c, 9, 36, 95
2, 179280, Note_on_c, 9, 38, 95
2, 179280, Note_on_c, 9, 42, 95
2, 179400, Note_off_c, 9, 0, 0
2, 179760, Note_on_c, 9, 36, 95
2, 179760, Note_on_c, 9, 38, 95
2, 179760, Note_on_c, 9, 42, 95
2, 179880, Note_off_c, 9, 0, 0
2, 181440, Note_on_c, 9, 36, 95
2, 181440, Note_on_c, 9, 38, 95
2, 181440, Note_on_c, 9, 42, 95
2, 181560, Note_off_c, 9, 0, 0
2, 181920, Note_on_c, 9, 36, 95
2, 181920, Note_on_c, 9, 42, 95
2, 182040, Note_off_c, 9, 0, 0
2, 182640, Note_on_c, 9, 42, 95
2, 182760, Note_off_c, 9, 0, 0
2, 183120, Note_on_c, 9, 36, 95
2, 183120, Note_on_c, 9, 38, 95
2, 183120, Note_on_c, 9, 42, 95
2, 183240, Note_off_c, 9, 0, 0
2, 183600, Note_on_c, 9, 36, 95
2, 183600, Note_on_c, 9, 42, 95
2, 183720, Note_off_c, 9, 0, 0
2, 185280, Note_on_c, 9, 36, 95
2, 185280, Note_on_c, 9, 42, 95
2, 185400, Note_off_c, 9, 0, 0
2, 185760, Note_on_c, 9, 36, 95
2, 185760, Note_on_c, 9, 42, 95
2, 185880, Note_off_c, 9, 0, 0
2, 186240, Note_on_c, 9, 36, 95
2, 186240, Note_on_c, 9, 42, 95
2, 186360, Note_off_c, 9, 0, 0
2, 186960, Note_on_c, 9, 36, 95
2, 186960, Note_on_c, 9, 42, 95
2, 187080, Note_off_c, 9, 0, 0
2, 187440, Note_on_c, 9, 36, 95
2, 187440, Note_on_c, 9, 42, 95
2, 187560, Note_off_c, 9, 0, 0
2, 188640, Note_on_c, 9, 42, 95
2, 188760, Note_off_c, 9, 0, 0
2, 189120, Note_on_c, 9, 36, 95
2, 189120, Note_on_c, 9, 38, 95
2, 189120, Note_on_c, 9, 42, 95
2, 189240, Note_off_c, 9, 0, 0
2, 189600, Note_on_c, 9, 36, 95
2, 189600, Note_on_c, 9, 42, 95
2, 189720, Note_off_c, 9, 0, 0
2, 190320, Note_on_c, 9, 42, 95
2, 190440, Note_off_c, 9, 0, 0
2, 190800, Note_on_c, 9, 36, 95
2, 190800, Note_on_c, 9, 38, 95
2, 190800, Note_on_c, 9, 42, 95
2, 190920, Note_off_c, 9, 0, 0
2, 191280, Note_on_c, 9, 36, 95
2, 191280, Note_on_c, 9, 42, 95
2, 191400, Note_off_c, 9, 0, 0
2, 192240, Note_on_c, 9, 42, 95
2, 192360, Note_off_c, 9, 0, 0
2, 192720, Note_on_c, 9, 38, 95
2, 196920, Note_on_c, 9, 36, 95
2, 197400, Note_on_c, 9, 42, 95
2, 197520, Note_off_c, 9, 0, 0
2, 198240, Note_on_c, 9, 36, 95
2, 198240, Note_on_c, 9, 38, 95
2, 198240, Note_on_c, 9, 42, 95
2, 198360, Note_off_c, 9, 0, 0
2, 199440, Note_on_c, 9, 42, 95
2, 199560, Note_off_c, 9, 0, 0
2, 199920, Note_on_c, 9, 38, 95
2, 204120, Note_on_c, 9, 36, 95
2, 205920, Note_on_c, 9, 36, 95
2, 205920, Note_on_c, 9, 38, 95
2, 205920, Note_on_c, 9, 42, 95
2, 206040, Note_off_c, 9, 0, 0
2, 207120, Note_on_c, 9, 42, 95
2, 207240, Note_off_c, 9, 0, 0
2, 207600, Note_on_c, 9, 38, 95
2, 211800, Note_on_c, 9, 36, 95
2, 213600, Note_on_c, 9, 36, 95
2, 213600, Note_on_c, 9, 38, 95
2, 213600, Note_on_c, 9, 42, 95
2, 213720, Note_off_c, 9, 0, 0
2, 214800, Note_on_c, 9, 42, 95
2, 214920, Note_off_c, 9, 0, 0
2, 215280, Note_on_c, 9, 38, 95
2, 219480, Note_on_c, 9, 36, 95
2, 219840, Note_on_c, 9, 36, 95
2, 219840, Note_on_c, 9, 38, 95
2, 219840, Note_on_c, 9, 42, 95
2, 219960, Note_off_c, 9, 0, 0
2, 223200, Note_on_c, 9, 36, 95
2, 223200, Note_on_c, 9, 38, 95
2, 223200, Note_on_c, 9, 42, 95
2, 223320, Note_off_c, 9, 0, 0
2, 224640, Note_on_c, 9, 38, 95
2, 226560, Note_on_c, 9, 36, 95
2, 226560, Note_on_c, 9, 38, 95
2, 226560, Note_on_c, 9, 42, 95
2, 226680, Note_off_c, 9, 0, 0
2, 228000, Note_on_c, 9, 36, 95
2, 228000, Note_on_c, 9, 38, 95
2, 228000, Note_on_c, 9, 42, 95
2, 228120, Note_off_c, 9, 0, 0
2, 229440, Note_on_c, 9, 38, 95
2, 230400, Note_on_c, 9, 36, 95
2, 230400, Note_on_c, 9, 38, 95
2, 230400, Note_on_c, 9, 42, 95
2, 230520, Note_off_c, 9, 0, 0
2, 231360, Note_on_c, 9, 36, 95
2, 231360, Note_on_c, 9, 38, 95
2, 231360, Note_on_c, 9, 42, 95
2, 231480, Note_off_c, 9, 0, 0
2, 232320, Note_on_c, 9, 42, 95
2, 232440, Note_off_c, 9, 0, 0
2, 232800, Note_on_c, 9, 38, 95
2, 234240, Note_on_c, 9, 36, 95
2, 234240, Note_on_c, 9, 38, 95
2, 234240, Note_on_c, 9, 42, 95
2, 234360, Note_off_c, 9, 0, 0
2, 235200, Note_on_c, 9, 36, 95
2, 235200, Note_on_c, 9, 42, 95
2, 235320, Note_off_c, 9, 0, 0
2, 236160, Note_on_c, 9, 42, 95
2, 236280, Note_off_c, 9, 0, 0
2, 236640, Note_on_c, 9, 38, 95
2, 238080, Note_on_c, 9, 36, 95
2, 238080, Note_on_c, 9, 38, 95
2, 238080, Note_on_c, 9, 42, 95
2, 238200, Note_off_c, 9, 0, 0
2, 240000, Note_on_c, 9, 38, 95
2, 241920, Note_on_c, 9, 36, 95
2, 241920, Note_on_c, 9, 38, 95
2, 241920, Note_on_c, 9, 42, 95
2, 242040, Note_off_c, 9, 0, 0
2, 243840, Note_on_c, 9, 38, 95
2, 245760, Note_on_c, 9, 36, 95
2, 245760, Note_on_c, 9, 38, 95
2, 245760, Note_on_c, 9, 42, 95
2, 245880, Note_off_c, 9, 0, 0
2, 246720, Note_on_c, 9, 36, 95
2, 246720, Note_on_c, 9, 38, 95
2, 246720, Note_on_c, 9, 42, 95
2, 246840, Note_off_c, 9, 0, 0
2, 247680, Note_on_c, 9, 42, 95
2, 247800, Note_off_c, 9, 0, 0
2, 248160, Note_on_c, 9, 38, 95
2, 250080, Note_on_c, 9, 36, 95
2, 250080, Note_on_c, 9, 38, 95
2, 250080, Note_on_c, 9, 42, 95
2, 250200, Note_off_c, 9, 0, 0
2, 251520, Note_on_c, 9, 42, 95
2, 251640, Note_off_c, 9, 0, 0
2, 252000, Note_on_c, 9, 36, 95
2, 252000, Note_on_c, 9, 38, 95
2, 252000, Note_on_c, 9, 42, 95
2, 252120, Note_off_c, 9, 0, 0
2, 252960, Note_on_c, 9, 36, 95
2, 252960, Note_on_c, 9, 38, 95
2, 252960, Note_on_c, 9, 42, 95
2, 253080, Note_off_c, 9, 0, 0
2, 253920, Note_on_c, 9, 36, 95
2, 253920, Note_on_c, 9, 38, 95
2, 253920, Note_on_c, 9, 42, 95
2, 254040, Note_off_c, 9, 0, 0
2, 255360, Note_on_c, 9, 38, 95
2, 257280, Note_on_c, 9, 36, 95
2, 257280, Note_on_c, 9, 38, 95
2, 257280, Note_on_c, 9, 42, 95
2, 257400, Note_off_c, 9, 0, 0
2, 259200, Note_on_c, 9, 38, 95
2, 261120, Note_on_c, 9, 36, 95
2, 261120, Note_on_c, 9, 38, 95
2, 261120, Note_on_c, 9, 42, 95
2, 261240, Note_off_c, 9, 0, 0
2, 262080, Note_on_c, 9, 36, 95
2, 262080, Note_on_c, 9, 38, 95
2, 262080, Note_on_c, 9, 42, 95
2, 262200, Note_off_c, 9, 0, 0
2, 263040, Note_on_c, 9, 42, 95
2, 263160, Note_off_c, 9, 0, 0
2, 263520, Note_on_c, 9, 38, 95
2, 265440, Note_on_c, 9, 36, 95
2, 265440, Note_on_c, 9, 38, 95
2, 265440, Note_on_c, 9, 42, 95
2, 265560, Note_off_c, 9, 0, 0
2, 266880, Note_on_c, 9, 42, 95
2, 267000, Note_off_c, 9, 0, 0
2, 267360, Note_on_c, 9, 38, 95
2, 267600, Note_on_c, 9, 36, 95
2, 267600, Note_on_c, 9, 38, 95
2, 267600, Note_on_c, 9, 42, 95
2, 267720, Note_off_c, 9, 0, 0
2, 269280, Note_on_c, 9, 36, 95
2, 269280, Note_on_c, 9, 38, 95
2, 269280, Note_on_c, 9, 42, 95
2, 269400, Note_off_c, 9, 0, 0
2, 270720, Note_on_c, 9, 38, 95
2, 272640, Note_on_c, 9, 36, 95
2, 272640, Note_on_c, 9, 38, 95
2, 272640, Note_on_c, 9, 42, 95
2, 272760, Note_off_c, 9, 0, 0
2, 274560, Note_on_c, 9, 38, 95
2, 276480, Note_on_c, 9, 36, 95
2, 276480, Note_on_c, 9, 38, 95
2, 276480, Note_on_c, 9, 42, 95
2, 276600, Note_off_c, 9, 0, 0
2, 277440, Note_on_c, 9, 36, 95
2, 277440, Note_on_c, 9, 38, 95
2, 277440, Note_on_c, 9, 42, 95
2, 277560, Note_off_c, 9, 0, 0
2, 278400, Note_on_c, 9, 42, 95
2, 278520, Note_off_c, 9, 0, 0
2, 278880, Note_on_c, 9, 38, 95
2, 280800, Note_on_c, 9, 36, 95
2, 280800, Note_on_c, 9, 38, 95
2, 280800, Note_on_c, 9, 42, 95
2, 280920, Note_off_c, 9, 0, 0
2, 282240, Note_on_c, 9, 42, 95
2, 282360, Note_off_c, 9, 0, 0
2, 282720, Note_on_c, 9, 36, 95
2, 282720, Note_on_c, 9, 38, 95
2, 282720, Note_on_c, 9, 42, 95
2, 282840, Note_off_c, 9, 0, 0
2, 283680, Note_on_c, 9, 36, 95
2, 283680, Note_on_c, 9, 38, 95
2, 283680, Note_on_c, 9, 42, 95
2, 283800, Note_off_c, 9, 0, 0
2, 284640, Note_on_c, 9, 36, 95
2, 284640, Note_on_c, 9, 38, 95
2, 284640, Note_on_c, 9, 42, 95
2, 284760, Note_off_c, 9, 0, 0
2, 285120, Note_on_c, 9, 36, 95
2, 285120, Note_on_c, 9, 38, 95
2, 285120, Note_on_c, 9, 42, 95
2, 285240, Note_off_c, 9, 0, 0
2, 285600, Note_on_c, 9, 36, 95
2, 285600, Note_on_c, 9, 38, 95
2, 285600, Note_on_c, 9, 42, 95
2, 285720, Note_off_c, 9, 0, 0
2, 286320, Note_on_c, 9, 42, 95
2, 286440, Note_off_c, 9, 0, 0
2, 286800, Note_on_c, 9, 36, 95
2, 286800, Note_on_c, 9, 38, 95
2, 286800, Note_on_c, 9, 42, 95
2, 286920, Note_off_c, 9, 0, 0
2, 287280, Note_on_c, 9, 36, 95
2, 287280, Note_on_c, 9, 38, 95
2, 287280, Note_on_c, 9, 42, 95
2, 287400, Note_off_c, 9, 0, 0
2, 288000, Note_on_c, 9, 42, 95
2, 288120, Note_off_c, 9, 0, 0
2, 288480, Note_on_c, 9, 36, 95
2, 288480, Note_on_c, 9, 38, 95
2, 288480, Note_on_c, 9, 42, 95
2, 288600, Note_off_c, 9, 0, 0
2, 288960, Note_on_c, 9, 36, 95
2, 288960, Note_on_c, 9, 38, 95
2, 288960, Note_on_c, 9, 42, 95
2, 289080, Note_off_c, 9, 0, 0
2, 289440, Note_on_c, 9, 36, 95
2, 289440, Note_on_c, 9, 42, 95
2, 289560, Note_off_c, 9, 0, 0
2, 290160, Note_on_c, 9, 42, 95
2, 290280, Note_off_c, 9, 0, 0
2, 290640, Note_on_c, 9, 36, 95
2, 290640, Note_on_c, 9, 38, 95
2, 290640, Note_on_c, 9, 42, 95
2, 290760, Note_off_c, 9, 0, 0
2, 291120, Note_on_c, 9, 36, 95
2, 291120, Note_on_c, 9, 42, 95
2, 291240, Note_off_c, 9, 0, 0
2, 291840, Note_on_c, 9, 42, 95
2, 291960, Note_off_c, 9, 0, 0
2, 292320, Note_on_c, 9, 36, 95
2, 292320, Note_on_c, 9, 38, 95
2, 292320, Note_on_c, 9, 42, 95
2, 292440, Note_off_c, 9, 0, 0
2, 292800, Note_on_c, 9, 36, 95
2, 292800, Note_on_c, 9, 38, 95
2, 292800, Note_on_c, 9, 42, 95
2, 292920, Note_off_c, 9, 0, 0
2, 293280, Note_on_c, 9, 36, 95
2, 293280, Note_on_c, 9, 42, 95
2, 293400, Note_off_c, 9, 0, 0
2, 293760, Note_on_c, 9, 36, 95
2, 293760, Note_on_c, 9, 42, 95
2, 293880, Note_off_c, 9, 0, 0
2, 294480, Note_on_c, 9, 36, 95
2, 294480, Note_on_c, 9, 38, 95
2, 294480, Note_on_c, 9, 42, 95
2, 294600, Note_off_c, 9, 0, 0
2, 294960, Note_on_c, 9, 36, 95
2, 294960, Note_on_c, 9, 42, 95
2, 295080, Note_off_c, 9, 0, 0
2, 295680, Note_on_c, 9, 42, 95
2, 295800, Note_off_c, 9, 0, 0
2, 296160, Note_on_c, 9, 38, 95
2, 296640, Note_on_c, 9, 36, 95
2, 296640, Note_on_c, 9, 38, 95
2, 296640, Note_on_c, 9, 42, 95
2, 296760, Note_off_c, 9, 0, 0
2, 297120, Note_on_c, 9, 36, 95
2, 297120, Note_on_c, 9, 38, 95
2, 297120, Note_on_c, 9, 42, 95
2, 297240, Note_off_c, 9, 0, 0
2, 297840, Note_on_c, 9, 36, 95
2, 297840, Note_on_c, 9, 38, 95
2, 297840, Note_on_c, 9, 42, 95
2, 297960, Note_off_c, 9, 0, 0
2, 298560, Note_on_c, 9, 42, 95
2, 298680, Note_off_c, 9, 0, 0
2, 299040, Note_on_c, 9, 38, 95
2, 300480, Note_on_c, 9, 36, 95
2, 300480, Note_on_c, 9, 38, 95
2, 300480, Note_on_c, 9, 42, 95
2, 300600, Note_off_c, 9, 0, 0
2, 300960, Note_on_c, 9, 36, 95
2, 300960, Note_on_c, 9, 38, 95
2, 300960, Note_on_c, 9, 42, 95
2, 301080, Note_off_c, 9, 0, 0
2, 301680, Note_on_c, 9, 42, 95
2, 301800, Note_off_c, 9, 0, 0
2, 302160, Note_on_c, 9, 36, 95
2, 302160, Note_on_c, 9, 38, 95
2, 302160, Note_on_c, 9, 42, 95
2, 302280, Note_off_c, 9, 0, 0
2, 302640, Note_on_c, 9, 36, 95
2, 302640, Note_on_c, 9, 38, 95
2, 302640, Note_on_c, 9, 42, 95
2, 302760, Note_off_c, 9, 0, 0
2, 304320, Note_on_c, 9, 36, 95
2, 304320, Note_on_c, 9, 38, 95
2, 304320, Note_on_c, 9, 42, 95
2, 304440, Note_off_c, 9, 0, 0
2, 304800, Note_on_c, 9, 36, 95
2, 304800, Note_on_c, 9, 42, 95
2, 304920, Note_off_c, 9, 0, 0
2, 305520, Note_on_c, 9, 42, 95
2, 305640, Note_off_c, 9, 0, 0
2, 306000, Note_on_c, 9, 36, 95
2, 306000, Note_on_c, 9, 38, 95
2, 306000, Note_on_c, 9, 42, 95
2, 306120, Note_off_c, 9, 0, 0
2, 306480, Note_on_c, 9, 36, 95
2, 306480, Note_on_c, 9, 42, 95
2, 306600, Note_off_c, 9, 0, 0
2, 307680, Note_on_c, 9, 36, 95
2, 307680, Note_on_c, 9, 38, 95
2, 307680, Note_on_c, 9, 42, 95
2, 307800, Note_off_c, 9, 0, 0
2, 308160, Note_on_c, 9, 36, 95
2, 308160, Note_on_c, 9, 38, 95
2, 308160, Note_on_c, 9, 42, 95
2, 308280, Note_off_c, 9, 0, 0
2, 308640, Note_on_c, 9, 36, 95
2, 308640, Note_on_c, 9, 42, 95
2, 308760, Note_off_c, 9, 0, 0
2, 309120, Note_on_c, 9, 36, 95
2, 309120, Note_on_c, 9, 42, 95
2, 309240, Note_off_c, 9, 0, 0
2, 309840, Note_on_c, 9, 36, 95
2, 309840, Note_on_c, 9, 38, 95
2, 309840, Note_on_c, 9, 42, 95
2, 309960, Note_off_c, 9, 0, 0
2, 310320, Note_on_c, 9, 36, 95
2, 310320, Note_on_c, 9, 42, 95
2, 310440, Note_off_c, 9, 0, 0
2, 311040, Note_on_c, 9, 42, 95
2, 311160, Note_off_c, 9, 0, 0
2, 311520, Note_on_c, 9, 38, 95
2, 312000, Note_on_c, 9, 36, 95
2, 312000, Note_on_c, 9, 38, 95
2, 312000, Note_on_c, 9, 42, 95
2, 312120, Note_off_c, 9, 0, 0
2, 312480, Note_on_c, 9, 36, 95
2, 312480, Note_on_c, 9, 42, 95
2, 312600, Note_off_c, 9, 0, 0
2, 313200, Note_on_c, 9, 36, 95
2, 313200, Note_on_c, 9, 38, 95
2, 313200, Note_on_c, 9, 42, 95
2, 313320, Note_off_c, 9, 0, 0
2, 313680, Note_on_c, 9, 36, 95
2, 313680, Note_on_c, 9, 38, 95
2, 313680, Note_on_c, 9, 42, 95
2, 313800, Note_off_c, 9, 0, 0
2, 315120, Note_on_c, 9, 38, 95
2, 315840, Note_on_c, 9, 36, 95
2, 315840, Note_on_c, 9, 38, 95
2, 315840, Note_on_c, 9, 42, 95
2, 315960, Note_off_c, 9, 0, 0
2, 316320, Note_on_c, 9, 36, 95
2, 316320, Note_on_c, 9, 38, 95
2, 316320, Note_on_c, 9, 42, 95
2, 316440, Note_off_c, 9, 0, 0
2, 317040, Note_on_c, 9, 42, 95
2, 317160, Note_off_c, 9, 0, 0
2, 317520, Note_on_c, 9, 36, 95
2, 317520, Note_on_c, 9, 38, 95
2, 317520, Note_on_c, 9, 42, 95
2, 317640, Note_off_c, 9, 0, 0
2, 318000, Note_on_c, 9, 36, 95
2, 318000, Note_on_c, 9, 38, 95
2, 318000, Note_on_c, 9, 42, 95
2, 318120, Note_off_c, 9, 0, 0
2, 319680, Note_on_c, 9, 36, 95
2, 319680, Note_on_c, 9, 38, 95
2, 319680, Note_on_c, 9, 42, 95
2, 319800, Note_off_c, 9, 0, 0
2, 320160, Note_on_c, 9, 36, 95
2, 320160, Note_on_c, 9, 42, 95
2, 320280, Note_off_c, 9, 0, 0
2, 320880, Note_on_c, 9, 42, 95
2, 321000, Note_off_c, 9, 0, 0
2, 321360, Note_on_c, 9, 36, 95
2, 321360, Note_on_c, 9, 38, 95
2, 321360, Note_on_c, 9, 42, 95
2, 321480, Note_off_c, 9, 0, 0
2, 321840, Note_on_c, 9, 36, 95
2, 321840, Note_on_c, 9, 42, 95
2, 321960, Note_off_c, 9, 0, 0
2, 323040, Note_on_c, 9, 36, 95
2, 323040, Note_on_c, 9, 38, 95
2, 323040, Note_on_c, 9, 42, 95
2, 323160, Note_off_c, 9, 0, 0
2, 323520, Note_on_c, 9, 36, 95
2, 323520, Note_on_c, 9, 38, 95
2, 323520, Note_on_c, 9, 42, 95
2, 323640, Note_off_c, 9, 0, 0
2, 324000, Note_on_c, 9, 36, 95
2, 324000, Note_on_c, 9, 42, 95
2, 324120, Note_off_c, 9, 0, 0
2, 324480, Note_on_c, 9, 36, 95
2, 324480, Note_on_c, 9, 42, 95
2, 324600, Note_off_c, 9, 0, 0
2, 325200, Note_on_c, 9, 36, 95
2, 325200, Note_on_c, 9, 38, 95
2, 325200, Note_on_c, 9, 42, 95
2, 325320, Note_off_c, 9, 0, 0
2, 325680, Note_on_c, 9, 36, 95
2, 325680, Note_on_c, 9, 42, 95
2, 325800, Note_off_c, 9, 0, 0
2, 326400, Note_on_c, 9, 42, 95
2, 326520, Note_off_c, 9, 0, 0
2, 326880, Note_on_c, 9, 38, 95
2, 327360, Note_on_c, 9, 36, 95
2, 327360, Note_on_c, 9, 38, 95
2, 327360, Note_on_c, 9, 42, 95
2, 327480, Note_off_c, 9, 0, 0
2, 327840, Note_on_c, 9, 36, 95
2, 327840, Note_on_c, 9, 42, 95
2, 327960, Note_off_c, 9, 0, 0
2, 328560, Note_on_c, 9, 36, 95
2, 328560, Note_on_c, 9, 38, 95
2, 328560, Note_on_c, 9, 42, 95
2, 328680, Note_off_c, 9, 0, 0
2, 329040, Note_on_c, 9, 36, 95
2, 329040, Note_on_c, 9, 38, 95
2, 329040, Note_on_c, 9, 42, 95
2, 329160, Note_off_c, 9, 0, 0
2, 330480, Note_on_c, 9, 38, 95
2, 331200, Note_on_c, 9, 36, 95
2, 331200, Note_on_c, 9, 38, 95
2, 331200, Note_on_c, 9, 42, 95
2, 331320, Note_off_c, 9, 0, 0
2, 331680, Note_on_c, 9, 36, 95
2, 331680, Note_on_c, 9, 38, 95
2, 331680, Note_on_c, 9, 42, 95
2, 331800, Note_off_c, 9, 0, 0
2, 332400, Note_on_c, 9, 42, 95
2, 332520, Note_off_c, 9, 0, 0
2, 332880, Note_on_c, 9, 36, 95
2, 332880, Note_on_c, 9, 38, 95
2, 332880, Note_on_c, 9, 42, 95
2, 333000, Note_off_c, 9, 0, 0
2, 333360, Note_on_c, 9, 36, 95
2, 333360, Note_on_c, 9, 38, 95
2, 333360, Note_on_c, 9, 42, 95
2, 333480, Note_off_c, 9, 0, 0
2, 335040, Note_on_c, 9, 36, 95
2, 335040, Note_on_c, 9, 38, 95
2, 335040, Note_on_c, 9, 42, 95
2, 335160, Note_off_c, 9, 0, 0
2, 335520, Note_on_c, 9, 36, 95
2, 335520, Note_on_c, 9, 42, 95
2, 335640, Note_off_c, 9, 0, 0
2, 336240, Note_on_c, 9, 42, 95
2, 336360, Note_off_c, 9, 0, 0
2, 336720, Note_on_c, 9, 36, 95
2, 336720, Note_on_c, 9, 38, 95
2, 336720, Note_on_c, 9, 42, 95
2, 336840, Note_off_c, 9, 0, 0
2, 337200, Note_on_c, 9, 36, 95
2, 337200, Note_on_c, 9, 42, 95
2, 337320, Note_off_c, 9, 0, 0
2, 338400, Note_on_c, 9, 36, 95
2, 338400, Note_on_c, 9, 38, 95
2, 338400, Note_on_c, 9, 42, 95
2, 338520, Note_off_c, 9, 0, 0
2, 338880, Note_on_c, 9, 36, 95
2, 338880, Note_on_c, 9, 38, 95
2, 338880, Note_on_c, 9, 42, 95
2, 339000, Note_off_c, 9, 0, 0
2, 339360, Note_on_c, 9, 36, 95
2, 339360, Note_on_c, 9, 42, 95
2, 339480, Note_off_c, 9, 0, 0
2, 339840, Note_on_c, 9, 36, 95
2, 339840, Note_on_c, 9, 42, 95
2, 339960, Note_off_c, 9, 0, 0
2, 340560, Note_on_c, 9, 36, 95
2, 340560, Note_on_c, 9, 38, 95
2, 340560, Note_on_c, 9, 42, 95
2, 340680, Note_off_c, 9, 0, 0
2, 341040, Note_on_c, 9, 36, 95
2, 341040, Note_on_c, 9, 42, 95
2, 341160, Note_off_c, 9, 0, 0
2, 341760, Note_on_c, 9, 42, 95
2, 341880, Note_off_c, 9, 0, 0
2, 342240, Note_on_c, 9, 38, 95
2, 342720, Note_on_c, 9, 36, 95
2, 342720, Note_on_c, 9, 38, 95
2, 342720, Note_on_c, 9, 42, 95
2, 342840, Note_off_c, 9, 0, 0
2, 343200, Note_on_c, 9, 36, 95
2, 343200, Note_on_c, 9, 42, 95
2, 343320, Note_off_c, 9, 0, 0
2, 343920, Note_on_c, 9, 36, 95
2, 343920, Note_on_c, 9, 38, 95
2, 343920, Note_on_c, 9, 42, 95
2, 344040, Note_off_c, 9, 0, 0
2, 344400, Note_on_c, 9, 36, 95
2, 344400, Note_on_c, 9, 38, 95
2, 344400, Note_on_c, 9, 42, 95
2, 344520, Note_off_c, 9, 0, 0
2, 345840, Note_on_c, 9, 38, 95
2, 346560, Note_on_c, 9, 36, 95
2, 346560, Note_on_c, 9, 38, 95
2, 346560, Note_on_c, 9, 42, 95
2, 346680, Note_off_c, 9, 0, 0
2, 347040, Note_on_c, 9, 36, 95
2, 347040, Note_on_c, 9, 38, 95
2, 347040, Note_on_c, 9, 42, 95
2, 347160, Note_off_c, 9, 0, 0
2, 347760, Note_on_c, 9, 42, 95
2, 347880, Note_off_c, 9, 0, 0
2, 348240, Note_on_c, 9, 36, 95
2, 348240, Note_on_c, 9, 38, 95
2, 348240, Note_on_c, 9, 42, 95
2, 348360, Note_off_c, 9, 0, 0
2, 348720, Note_on_c, 9, 36, 95
2, 348720, Note_on_c, 9, 38, 95
2, 348720, Note_on_c, 9, 42, 95
2, 348840, Note_off_c, 9, 0, 0
2, 350400, Note_on_c, 9, 36, 95
2, 350400, Note_on_c, 9, 38, 95
2, 350400, Note_on_c, 9, 42, 95
2, 350520, Note_off_c, 9, 0, 0
2, 350880, Note_on_c, 9, 36, 95
2, 350880, Note_on_c, 9, 42, 95
2, 351000, Note_off_c, 9, 0, 0
2, 351600, Note_on_c, 9, 42, 95
2, 351720, Note_off_c, 9, 0, 0
2, 352080, Note_on_c, 9, 36, 95
2, 352080, Note_on_c, 9, 38, 95
2, 352080, Note_on_c, 9, 42, 95
2, 352200, Note_off_c, 9, 0, 0
2, 352560, Note_on_c, 9, 36, 95
2, 352560, Note_on_c, 9, 42, 95
2, 352680, Note_off_c, 9, 0, 0
2, 353760, Note_on_c, 9, 36, 95
2, 353760, Note_on_c, 9, 38, 95
2, 353760, Note_on_c, 9, 42, 95
2, 353880, Note_off_c, 9, 0, 0
2, 354240, Note_on_c, 9, 36, 95
2, 354240, Note_on_c, 9, 38, 95
2, 354240, Note_on_c, 9, 42, 95
2, 354360, Note_off_c, 9, 0, 0
2, 354720, Note_on_c, 9, 36, 95
2, 354720, Note_on_c, 9, 42, 95
2, 354840, Note_off_c, 9, 0, 0
2, 355200, Note_on_c, 9, 36, 95
2, 355200, Note_on_c, 9, 42, 95
2, 355320, Note_off_c, 9, 0, 0
2, 355920, Note_on_c, 9, 36, 95
2, 355920, Note_on_c, 9, 38, 95
2, 355920, Note_on_c, 9, 42, 95
2, 356040, Note_off_c, 9, 0, 0
2, 356400, Note_on_c, 9, 36, 95
2, 356400, Note_on_c, 9, 42, 95
2, 356520, Note_off_c, 9, 0, 0
2, 357120, Note_on_c, 9, 42, 95
2, 357240, Note_off_c, 9, 0, 0
2, 357600, Note_on_c, 9, 38, 95
2, 358080, Note_on_c, 9, 36, 95
2, 358080, Note_on_c, 9, 38, 95
2, 358080, Note_on_c, 9, 42, 95
2, 358200, Note_off_c, 9, 0, 0
2, 358560, Note_on_c, 9, 36, 95
2, 358560, Note_on_c, 9, 42, 95
2, 358680, Note_off_c, 9, 0, 0
2, 359280, Note_on_c, 9, 36, 95
2, 359280, Note_on_c, 9, 38, 95
2, 359280, Note_on_c, 9, 42, 95
2, 359400, Note_off_c, 9, 0, 0
2, 359760, Note_on_c, 9, 36, 95
2, 359760, Note_on_c, 9, 38, 95
2, 359760, Note_on_c, 9, 42, 95
2, 359880, Note_off_c, 9, 0, 0
2, 361200, Note_on_c, 9, 38, 95
2, 361920, Note_on_c, 9, 36, 95
2, 361920, Note_on_c, 9, 38, 95
2, 361920, Note_on_c, 9, 42, 95
2, 362040, Note_off_c, 9, 0, 0
2, 362400, Note_on_c, 9, 36, 95
2, 362400, Note_on_c, 9, 38, 95
2, 362400, Note_on_c, 9, 42, 95
2, 362520, Note_off_c, 9, 0, 0
2, 363120, Note_on_c, 9, 42, 95
2, 363240, Note_off_c, 9, 0, 0
2, 363600, Note_on_c, 9, 36, 95
2, 363600, Note_on_c, 9, 38, 95
2, 363600, Note_on_c, 9, 42, 95
2, 363720, Note_off_c, 9, 0, 0
2, 364080, Note_on_c, 9, 36, 95
2, 364080, Note_on_c, 9, 38, 95
2, 364080, Note_on_c, 9, 42, 95
2, 364200, Note_off_c, 9, 0, 0
2, 365760, Note_on_c, 9, 36, 95
2, 365760, Note_on_c, 9, 38, 95
2, 365760, Note_on_c, 9, 42, 95
2, 365880, Note_off_c, 9, 0, 0
2, 366240, Note_on_c, 9, 36, 95
2, 366240, Note_on_c, 9, 42, 95
2, 366360, Note_off_c, 9, 0, 0
2, 366960, Note_on_c, 9, 42, 95
2, 367080, Note_off_c, 9, 0, 0
2, 367440, Note_on_c, 9, 36, 95
2, 367440, Note_on_c, 9, 38, 95
2, 367440, Note_on_c, 9, 42, 95
2, 367560, Note_off_c, 9, 0, 0
2, 367920, Note_on_c, 9, 36, 95
2, 367920, Note_on_c, 9, 42, 95
2, 368040, Note_off_c, 9, 0, 0
2, 369120, Note_on_c, 9, 36, 95
2, 369120, Note_on_c, 9, 38, 95
2, 369120, Note_on_c, 9, 42, 95
2, 369240, Note_off_c, 9, 0, 0
2, 369600, Note_on_c, 9, 36, 95
2, 369600, Note_on_c, 9, 38, 95
2, 369600, Note_on_c, 9, 42, 95
2, 369720, Note_off_c, 9, 0, 0
2, 370080, Note_on_c, 9, 36, 95
2, 370080, Note_on_c, 9, 42, 95
2, 370200, Note_off_c, 9, 0, 0
2, 370560, Note_on_c, 9, 36, 95
2, 370560, Note_on_c, 9, 42, 95
2, 370680, Note_off_c, 9, 0, 0
2, 371280, Note_on_c, 9, 36, 95
2, 371280, Note_on_c, 9, 38, 95
2, 371280, Note_on_c, 9, 42, 95
2, 371400, Note_off_c, 9, 0, 0
2, 371760, Note_on_c, 9, 36, 95
2, 371760, Note_on_c, 9, 42, 95
2, 371880, Note_off_c, 9, 0, 0
2, 372480, Note_on_c, 9, 42, 95
2, 372600, Note_off_c, 9, 0, 0
2, 372960, Note_on_c, 9, 38, 95
2, 373440, Note_on_c, 9, 36, 95
2, 373440, Note_on_c, 9, 38, 95
2, 373440, Note_on_c, 9, 42, 95
2, 373560, Note_off_c, 9, 0, 0
2, 373920, Note_on_c, 9, 36, 95
2, 373920, Note_on_c, 9, 42, 95
2, 374040, Note_off_c, 9, 0, 0
2, 374640, Note_on_c, 9, 42, 95
2, 374760, Note_off_c, 9, 0, 0
2, 375120, Note_on_c, 9, 36, 95
2, 375120, Note_on_c, 9, 38, 95
2, 375120, Note_on_c, 9, 42, 95
2, 375240, Note_off_c, 9, 0, 0
2, 375600, Note_on_c, 9, 36, 95
2, 375600, Note_on_c, 9, 42, 95
2, 375720, Note_off_c, 9, 0, 0
2, 376440, End_track
3, 0, Start_track
3, 0, MIDI_port, 1
3, 0, Title_t, "Flea"
3, 0, Program_c, 6, 33
3, 0, Note_on_c, 6, 28, 95
3, 240, Note_off_c, 6, 28, 0
3, 240, Note_on_c, 6, 28, 95
3, 480, Note_off_c, 6, 28, 0
3, 480, Note_on_c, 6, 28, 95
3, 720, Note_off_c, 6, 28, 0
3, 720, Note_on_c, 6, 28, 95
3, 960, Note_off_c, 6, 28, 0
3, 960, Note_on_c, 6, 28, 95
3, 1200, Note_off_c, 6, 28, 0
3, 1200, Note_on_c, 6, 28, 95
3, 1440, Note_off_c, 6, 28, 0
3, 1440, Note_on_c, 6, 28, 95
3, 1680, Note_off_c, 6, 28, 0
3, 1680, Note_on_c, 6, 28, 95
3, 1920, Note_off_c, 6, 28, 0
3, 1920, Note_on_c, 6, 28, 95
3, 2160, Note_off_c, 6, 28, 0
3, 2160, Note_on_c, 6, 28, 95
3, 2400, Note_off_c, 6, 28, 0
3, 2400, Note_on_c, 6, 28, 95
3, 2640, Note_off_c, 6, 28, 0
3, 2640, Note_on_c, 6, 28, 95
3, 2880, Note_off_c, 6, 28, 0
3, 2880, Note_on_c, 6, 28, 95
3, 3120, Note_off_c, 6, 28, 0
3, 3120, Note_on_c, 6, 28, 95
3, 3360, Note_off_c, 6, 28, 0
3, 3360, Note_on_c, 6, 28, 95
3, 3600, Note_off_c, 6, 28, 0
3, 3600, Note_on_c, 6, 28, 95
3, 3840, Note_off_c, 6, 28, 0
3, 3840, Note_on_c, 6, 28, 95
3, 4080, Note_off_c, 6, 28, 0
3, 4080, Note_on_c, 6, 28, 95
3, 4320, Note_off_c, 6, 28, 0
3, 4320, Note_on_c, 6, 28, 95
3, 4560, Note_off_c, 6, 28, 0
3, 4560, Note_on_c, 6, 28, 95
3, 4800, Note_off_c, 6, 28, 0
3, 4800, Note_on_c, 6, 28, 95
3, 5040, Note_off_c, 6, 28, 0
3, 5040, Note_on_c, 6, 28, 95
3, 5280, Note_off_c, 6, 28, 0
3, 5280, Note_on_c, 6, 28, 95
3, 5520, Note_off_c, 6, 28, 0
3, 5520, Note_on_c, 6, 28, 95
3, 5760, Note_off_c, 6, 28, 0
3, 5760, Note_on_c, 6, 28, 95
3, 6000, Note_off_c, 6, 28, 0
3, 6000, Note_on_c, 6, 28, 95
3, 6240, Note_off_c, 6, 28, 0
3, 6240, Note_on_c, 6, 28, 95
3, 6480, Note_off_c, 6, 28, 0
3, 6480, Note_on_c, 6, 28, 95
3, 6720, Note_off_c, 6, 28, 0
3, 6720, Note_on_c, 6, 28, 95
3, 6960, Note_off_c, 6, 28, 0
3, 6960, Note_on_c, 6, 28, 95
3, 7200, Note_off_c, 6, 28, 0
3, 7200, Note_on_c, 6, 28, 95
3, 7440, Note_off_c, 6, 28, 0
3, 7440, Note_on_c, 6, 28, 95
3, 7680, Note_off_c, 6, 28, 0
3, 7680, Note_on_c, 6, 28, 95
3, 7920, Note_off_c, 6, 28, 0
3, 7920, Note_on_c, 6, 28, 95
3, 8160, Note_off_c, 6, 28, 0
3, 8160, Note_on_c, 6, 28, 95
3, 8400, Note_off_c, 6, 28, 0
3, 8400, Note_on_c, 6, 28, 95
3, 8640, Note_off_c, 6, 28, 0
3, 8640, Note_on_c, 6, 28, 95
3, 8880, Note_off_c, 6, 28, 0
3, 8880, Note_on_c, 6, 28, 95
3, 9120, Note_off_c, 6, 28, 0
3, 9120, Note_on_c, 6, 28, 95
3, 9360, Note_off_c, 6, 28, 0
3, 9360, Note_on_c, 6, 28, 95
3, 9600, Note_off_c, 6, 28, 0
3, 9600, Note_on_c, 6, 28, 95
3, 9840, Note_off_c, 6, 28, 0
3, 9840, Note_on_c, 6, 28, 95
3, 10080, Note_off_c, 6, 28, 0
3, 10080, Note_on_c, 6, 28, 95
3, 10320, Note_off_c, 6, 28, 0
3, 10320, Note_on_c, 6, 28, 95
3, 10560, Note_off_c, 6, 28, 0
3, 10560, Note_on_c, 6, 28, 95
3, 10800, Note_off_c, 6, 28, 0
3, 10800, Note_on_c, 6, 28, 95
3, 11040, Note_off_c, 6, 28, 0
3, 11040, Note_on_c, 6, 28, 95
3, 11280, Note_off_c, 6, 28, 0
3, 11280, Note_on_c, 6, 28, 95
3, 11520, Note_off_c, 6, 28, 0
3, 11520, Note_on_c, 6, 28, 95
3, 11760, Note_off_c, 6, 28, 0
3, 11760, Note_on_c, 6, 28, 95
3, 12000, Note_off_c, 6, 28, 0
3, 12000, Note_on_c, 6, 28, 95
3, 12240, Note_off_c, 6, 28, 0
3, 12240, Note_on_c, 6, 28, 95
3, 12480, Note_off_c, 6, 28, 0
3, 12480, Note_on_c, 6, 28, 95
3, 12720, Note_off_c, 6, 28, 0
3, 12720, Note_on_c, 6, 28, 95
3, 12960, Note_off_c, 6, 28, 0
3, 12960, Note_on_c, 6, 28, 95
3, 13200, Note_off_c, 6, 28, 0
3, 13200, Note_on_c, 6, 28, 95
3, 13440, Note_off_c, 6, 28, 0
3, 13440, Note_on_c, 6, 28, 95
3, 13680, Note_off_c, 6, 28, 0
3, 13680, Note_on_c, 6, 28, 95
3, 13920, Note_off_c, 6, 28, 0
3, 13920, Note_on_c, 6, 28, 95
3, 14160, Note_off_c, 6, 28, 0
3, 14160, Note_on_c, 6, 28, 95
3, 14400, Note_off_c, 6, 28, 0
3, 14400, Note_on_c, 6, 28, 95
3, 14640, Note_off_c, 6, 28, 0
3, 14640, Note_on_c, 6, 28, 95
3, 14880, Note_off_c, 6, 28, 0
3, 14880, Note_on_c, 6, 28, 95
3, 15120, Note_off_c, 6, 28, 0
3, 15120, Note_on_c, 6, 28, 95
3, 15360, Note_off_c, 6, 28, 0
3, 15360, Note_on_c, 6, 28, 95
3, 15600, Note_off_c, 6, 28, 0
3, 15600, Note_on_c, 6, 28, 95
3, 15840, Note_off_c, 6, 28, 0
3, 15840, Note_on_c, 6, 28, 95
3, 16080, Note_off_c, 6, 28, 0
3, 16080, Note_on_c, 6, 28, 95
3, 16320, Note_off_c, 6, 28, 0
3, 16320, Note_on_c, 6, 28, 95
3, 16560, Note_off_c, 6, 28, 0
3, 16560, Note_on_c, 6, 28, 95
3, 16800, Note_off_c, 6, 28, 0
3, 16800, Note_on_c, 6, 28, 95
3, 17040, Note_off_c, 6, 28, 0
3, 17040, Note_on_c, 6, 28, 95
3, 17280, Note_off_c, 6, 28, 0
3, 17280, Note_on_c, 6, 28, 95
3, 17520, Note_off_c, 6, 28, 0
3, 17520, Note_on_c, 6, 28, 95
3, 17760, Note_off_c, 6, 28, 0
3, 17760, Note_on_c, 6, 28, 95
3, 18000, Note_off_c, 6, 28, 0
3, 18000, Note_on_c, 6, 28, 95
3, 18240, Note_off_c, 6, 28, 0
3, 18240, Note_on_c, 6, 28, 95
3, 18480, Note_off_c, 6, 28, 0
3, 18480, Note_on_c, 6, 28, 95
3, 18720, Note_off_c, 6, 28, 0
3, 18720, Note_on_c, 6, 28, 95
3, 18960, Note_off_c, 6, 28, 0
3, 18960, Note_on_c, 6, 28, 95
3, 19200, Note_off_c, 6, 28, 0
3, 19200, Note_on_c, 6, 28, 95
3, 19440, Note_off_c, 6, 28, 0
3, 19440, Note_on_c, 6, 28, 95
3, 19680, Note_off_c, 6, 28, 0
3, 19680, Note_on_c, 6, 28, 95
3, 19920, Note_off_c, 6, 28, 0
3, 19920, Note_on_c, 6, 28, 95
3, 20160, Note_off_c, 6, 28, 0
3, 20160, Note_on_c, 6, 28, 95
3, 20400, Note_off_c, 6, 28, 0
3, 20400, Note_on_c, 6, 28, 95
3, 20640, Note_off_c, 6, 28, 0
3, 20640, Note_on_c, 6, 28, 95
3, 20880, Note_off_c, 6, 28, 0
3, 20880, Note_on_c, 6, 28, 95
3, 21120, Note_off_c, 6, 28, 0
3, 21120, Note_on_c, 6, 28, 95
3, 21360, Note_off_c, 6, 28, 0
3, 21360, Note_on_c, 6, 28, 95
3, 21600, Note_off_c, 6, 28, 0
3, 21600, Note_on_c, 6, 28, 95
3, 21840, Note_off_c, 6, 28, 0
3, 21840, Note_on_c, 6, 28, 95
3, 22080, Note_off_c, 6, 28, 0
3, 22080, Note_on_c, 6, 28, 95
3, 22320, Note_off_c, 6, 28, 0
3, 22320, Note_on_c, 6, 28, 95
3, 22560, Note_off_c, 6, 28, 0
3, 22560, Note_on_c, 6, 28, 95
3, 22800, Note_off_c, 6, 28, 0
3, 22800, Note_on_c, 6, 28, 95
3, 23040, Note_off_c, 6, 28, 0
3, 23040, Note_on_c, 6, 28, 95
3, 23280, Note_off_c, 6, 28, 0
3, 53760, Note_on_c, 6, 40, 95
3, 54240, Note_off_c, 6, 40, 0
3, 54240, Note_on_c, 6, 50, 95
3, 54480, Note_off_c, 6, 50, 0
3, 54720, Note_on_c, 6, 52, 95
3, 54960, Note_off_c, 6, 52, 0
3, 55200, Note_on_c, 6, 40, 95
3, 55440, Note_off_c, 6, 40, 0
3, 55440, Note_on_c, 6, 50, 95
3, 55680, Note_off_c, 6, 50, 0
3, 55680, Note_on_c, 6, 40, 95
3, 55920, Note_off_c, 6, 40, 0
3, 55920, Note_on_c, 6, 50, 95
3, 56160, Note_off_c, 6, 50, 0
3, 56400, Note_on_c, 6, 52, 95
3, 56640, Note_off_c, 6, 52, 0
3, 56880, Note_on_c, 6, 40, 95
3, 57120, Note_off_c, 6, 40, 0
3, 57120, Note_on_c, 6, 40, 95
3, 57360, Note_off_c, 6, 40, 0
3, 57360, Note_on_c, 6, 40, 95
3, 57600, Note_off_c, 6, 40, 0
3, 57600, Note_on_c, 6, 38, 95
3, 57840, Note_off_c, 6, 38, 0
3, 58080, Note_on_c, 6, 50, 95
3, 58320, Note_off_c, 6, 50, 0
3, 58560, Note_on_c, 6, 52, 95
3, 58800, Note_off_c, 6, 52, 0
3, 59040, Note_on_c, 6, 38, 95
3, 59280, Note_off_c, 6, 38, 0
3, 59280, Note_on_c, 6, 50, 95
3, 59520, Note_off_c, 6, 50, 0
3, 59520, Note_on_c, 6, 38, 95
3, 59760, Note_off_c, 6, 38, 0
3, 59760, Note_on_c, 6, 50, 95
3, 60000, Note_off_c, 6, 50, 0
3, 60240, Note_on_c, 6, 52, 95
3, 60480, Note_off_c, 6, 52, 0
3, 60720, Note_on_c, 6, 38, 95
3, 60960, Note_off_c, 6, 38, 0
3, 60960, Note_on_c, 6, 38, 95
3, 61200, Note_off_c, 6, 38, 0
3, 61200, Note_on_c, 6, 38, 95
3, 61440, Note_off_c, 6, 38, 0
3, 61440, Note_on_c, 6, 35, 95
3, 61680, Note_off_c, 6, 35, 0
3, 61920, Note_on_c, 6, 50, 95
3, 62160, Note_off_c, 6, 50, 0
3, 62400, Note_on_c, 6, 35, 95
3, 62640, Note_off_c, 6, 35, 0
3, 62880, Note_on_c, 6, 35, 95
3, 63120, Note_off_c, 6, 35, 0
3, 63360, Note_on_c, 6, 35, 95
3, 63600, Note_off_c, 6, 35, 0
3, 63600, Note_on_c, 6, 50, 95
3, 63840, Note_off_c, 6, 50, 0
3, 64080, Note_on_c, 6, 35, 95
3, 64320, Note_off_c, 6, 35, 0
3, 64560, Note_on_c, 6, 35, 95
3, 65040, Note_off_c, 6, 35, 0
3, 65040, Note_on_c, 6, 35, 95
3, 65280, Note_off_c, 6, 35, 0
3, 65280, Note_on_c, 6, 36, 95
3, 65760, Note_off_c, 6, 36, 0
3, 65760, Note_on_c, 6, 50, 95
3, 66000, Note_off_c, 6, 50, 0
3, 66240, Note_on_c, 6, 52, 95
3, 66480, Note_off_c, 6, 52, 0
3, 66720, Note_on_c, 6, 36, 95
3, 66960, Note_off_c, 6, 36, 0
3, 66960, Note_on_c, 6, 50, 95
3, 67200, Note_off_c, 6, 50, 0
3, 67200, Note_on_c, 6, 36, 95
3, 67440, Note_off_c, 6, 36, 0
3, 67440, Note_on_c, 6, 50, 95
3, 67680, Note_off_c, 6, 50, 0
3, 67920, Note_on_c, 6, 52, 95
3, 68160, Note_off_c, 6, 52, 0
3, 68400, Note_on_c, 6, 36, 95
3, 68880, Note_off_c, 6, 36, 0
3, 68880, Note_on_c, 6, 36, 95
3, 69120, Note_off_c, 6, 36, 0
3, 69120, Note_on_c, 6, 40, 95
3, 69600, Note_off_c, 6, 40, 0
3, 69600, Note_on_c, 6, 50, 95
3, 69840, Note_off_c, 6, 50, 0
3, 70080, Note_on_c, 6, 52, 95
3, 70320, Note_off_c, 6, 52, 0
3, 70560, Note_on_c, 6, 40, 95
3, 70800, Note_off_c, 6, 40, 0
3, 70800, Note_on_c, 6, 50, 95
3, 71040, Note_off_c, 6, 50, 0
3, 71040, Note_on_c, 6, 40, 95
3, 71280, Note_off_c, 6, 40, 0
3, 71280, Note_on_c, 6, 50, 95
3, 71520, Note_off_c, 6, 50, 0
3, 71760, Note_on_c, 6, 52, 95
3, 72000, Note_off_c, 6, 52, 0
3, 72240, Note_on_c, 6, 40, 95
3, 72480, Note_off_c, 6, 40, 0
3, 72480, Note_on_c, 6, 40, 95
3, 72720, Note_off_c, 6, 40, 0
3, 72720, Note_on_c, 6, 40, 95
3, 72960, Note_off_c, 6, 40, 0
3, 72960, Note_on_c, 6, 38, 95
3, 73200, Note_off_c, 6, 38, 0
3, 73440, Note_on_c, 6, 50, 95
3, 73680, Note_off_c, 6, 50, 0
3, 73920, Note_on_c, 6, 52, 95
3, 74160, Note_off_c, 6, 52, 0
3, 74400, Note_on_c, 6, 38, 95
3, 74640, Note_off_c, 6, 38, 0
3, 74640, Note_on_c, 6, 50, 95
3, 74880, Note_off_c, 6, 50, 0
3, 74880, Note_on_c, 6, 38, 95
3, 75120, Note_off_c, 6, 38, 0
3, 75120, Note_on_c, 6, 50, 95
3, 75360, Note_off_c, 6, 50, 0
3, 75600, Note_on_c, 6, 52, 95
3, 75840, Note_off_c, 6, 52, 0
3, 76080, Note_on_c, 6, 38, 95
3, 76320, Note_off_c, 6, 38, 0
3, 76320, Note_on_c, 6, 38, 95
3, 76560, Note_off_c, 6, 38, 0
3, 76560, Note_on_c, 6, 38, 95
3, 76800, Note_off_c, 6, 38, 0
3, 76800, Note_on_c, 6, 35, 95
3, 77040, Note_off_c, 6, 35, 0
3, 77280, Note_on_c, 6, 50, 95
3, 77520, Note_off_c, 6, 50, 0
3, 77760, Note_on_c, 6, 35, 95
3, 78000, Note_off_c, 6, 35, 0
3, 78240, Note_on_c, 6, 35, 95
3, 78480, Note_off_c, 6, 35, 0
3, 78720, Note_on_c, 6, 35, 95
3, 78960, Note_off_c, 6, 35, 0
3, 78960, Note_on_c, 6, 50, 95
3, 79200, Note_off_c, 6, 50, 0
3, 79440, Note_on_c, 6, 35, 95
3, 79680, Note_off_c, 6, 35, 0
3, 79920, Note_on_c, 6, 35, 95
3, 80400, Note_off_c, 6, 35, 0
3, 80400, Note_on_c, 6, 35, 95
3, 80640, Note_off_c, 6, 35, 0
3, 80640, Note_on_c, 6, 36, 95
3, 81120, Note_off_c, 6, 36, 0
3, 81120, Note_on_c, 6, 50, 95
3, 81360, Note_off_c, 6, 50, 0
3, 81600, Note_on_c, 6, 52, 95
3, 81840, Note_off_c, 6, 52, 0
3, 82080, Note_on_c, 6, 36, 95
3, 82320, Note_off_c, 6, 36, 0
3, 82320, Note_on_c, 6, 50, 95
3, 82560, Note_off_c, 6, 50, 0
3, 82560, Note_on_c, 6, 36, 95
3, 82800, Note_off_c, 6, 36, 0
3, 82800, Note_on_c, 6, 50, 95
3, 83040, Note_off_c, 6, 50, 0
3, 83280, Note_on_c, 6, 52, 95
3, 83520, Note_off_c, 6, 52, 0
3, 83760, Note_on_c, 6, 36, 95
3, 84240, Note_off_c, 6, 36, 0
3, 84240, Note_on_c, 6, 36, 95
3, 84480, Note_off_c, 6, 36, 0
3, 84480, Note_on_c, 6, 40, 95
3, 84960, Note_off_c, 6, 40, 0
3, 84960, Note_on_c, 6, 50, 95
3, 85200, Note_off_c, 6, 50, 0
3, 85440, Note_on_c, 6, 52, 95
3, 85680, Note_off_c, 6, 52, 0
3, 85920, Note_on_c, 6, 40, 95
3, 86160, Note_off_c, 6, 40, 0
3, 86160, Note_on_c, 6, 50, 95
3, 86400, Note_off_c, 6, 50, 0
3, 86400, Note_on_c, 6, 40, 95
3, 86640, Note_off_c, 6, 40, 0
3, 86640, Note_on_c, 6, 50, 95
3, 86880, Note_off_c, 6, 50, 0
3, 87120, Note_on_c, 6, 52, 95
3, 87360, Note_off_c, 6, 52, 0
3, 87600, Note_on_c, 6, 40, 95
3, 88320, Note_off_c, 6, 40, 0
3, 88320, Note_on_c, 6, 38, 95
3, 88800, Note_off_c, 6, 38, 0
3, 88800, Note_on_c, 6, 50, 95
3, 89040, Note_off_c, 6, 50, 0
3, 89280, Note_on_c, 6, 52, 95
3, 89520, Note_off_c, 6, 52, 0
3, 89760, Note_on_c, 6, 38, 95
3, 90000, Note_off_c, 6, 38, 0
3, 90000, Note_on_c, 6, 50, 95
3, 90240, Note_off_c, 6, 50, 0
3, 90240, Note_on_c, 6, 38, 95
3, 90480, Note_off_c, 6, 38, 0
3, 90480, Note_on_c, 6, 50, 95
3, 90720, Note_off_c, 6, 50, 0
3, 90960, Note_on_c, 6, 52, 95
3, 91200, Note_off_c, 6, 52, 0
3, 91440, Note_on_c, 6, 38, 95
3, 92160, Note_off_c, 6, 38, 0
3, 92160, Note_on_c, 6, 35, 95
3, 92640, Note_off_c, 6, 35, 0
3, 92640, Note_on_c, 6, 50, 95
3, 92880, Note_off_c, 6, 50, 0
3, 93120, Note_on_c, 6, 35, 95
3, 93360, Note_off_c, 6, 35, 0
3, 93600, Note_on_c, 6, 35, 95
3, 93840, Note_off_c, 6, 35, 0
3, 94080, Note_on_c, 6, 35, 95
3, 94320, Note_off_c, 6, 35, 0
3, 94320, Note_on_c, 6, 50, 95
3, 94560, Note_off_c, 6, 50, 0
3, 94800, Note_on_c, 6, 35, 95
3, 95040, Note_off_c, 6, 35, 0
3, 95280, Note_on_c, 6, 35, 95
3, 96000, Note_off_c, 6, 35, 0
3, 96000, Note_on_c, 6, 36, 95
3, 96480, Note_off_c, 6, 36, 0
3, 96480, Note_on_c, 6, 50, 95
3, 96720, Note_off_c, 6, 50, 0
3, 96960, Note_on_c, 6, 52, 95
3, 97200, Note_off_c, 6, 52, 0
3, 97440, Note_on_c, 6, 36, 95
3, 97680, Note_off_c, 6, 36, 0
3, 97680, Note_on_c, 6, 50, 95
3, 97920, Note_off_c, 6, 50, 0
3, 97920, Note_on_c, 6, 36, 95
3, 98160, Note_off_c, 6, 36, 0
3, 98160, Note_on_c, 6, 50, 95
3, 98400, Note_off_c, 6, 50, 0
3, 98640, Note_on_c, 6, 52, 95
3, 98880, Note_off_c, 6, 52, 0
3, 99120, Note_on_c, 6, 36, 95
3, 99600, Note_off_c, 6, 36, 0
3, 99600, Note_on_c, 6, 36, 95
3, 99840, Note_off_c, 6, 36, 0
3, 99840, Note_on_c, 6, 31, 95
3, 100560, Note_off_c, 6, 31, 0
3, 100560, Note_on_c, 6, 31, 95
3, 100800, Note_off_c, 6, 31, 0
3, 100800, Note_on_c, 6, 33, 95
3, 101040, Note_off_c, 6, 33, 0
3, 101040, Note_on_c, 6, 35, 95
3, 101280, Note_off_c, 6, 35, 0
3, 101280, Note_on_c, 6, 38, 95
3, 102720, Note_off_c, 6, 38, 0
3, 102720, Note_on_c, 6, 45, 95
3, 102960, Note_off_c, 6, 45, 0
3, 102960, Note_on_c, 6, 38, 95
3, 103440, Note_off_c, 6, 38, 0
3, 103440, Note_on_c, 6, 45, 95
3, 103680, Note_off_c, 6, 45, 0
3, 103680, Note_on_c, 6, 35, 95
3, 104400, Note_off_c, 6, 35, 0
3, 104400, Note_on_c, 6, 47, 95
3, 104640, Note_off_c, 6, 47, 0
3, 104640, Note_on_c, 6, 35, 95
3, 104880, Note_off_c, 6, 35, 0
3, 104880, Note_on_c, 6, 47, 95
3, 105120, Note_off_c, 6, 47, 0
3, 105120, Note_on_c, 6, 36, 95
3, 106050, Note_on_c, 6, 36, 100
3, 106080, Note_off_c, 6, 36, 0
3, 106080, Note_off_c, 6, 36, 0
3, 106080, Note_on_c, 6, 38, 95
3, 106800, Note_off_c, 6, 38, 0
3, 106800, Note_on_c, 6, 36, 95
3, 107040, Note_off_c, 6, 36, 0
3, 107040, Note_on_c, 6, 35, 95
3, 107280, Note_off_c, 6, 35, 0
3, 107280, Note_on_c, 6, 33, 95
3, 107520, Note_off_c, 6, 33, 0
3, 107520, Note_on_c, 6, 31, 95
3, 108240, Note_off_c, 6, 31, 0
3, 108240, Note_on_c, 6, 31, 95
3, 108480, Note_off_c, 6, 31, 0
3, 108480, Note_on_c, 6, 33, 95
3, 108720, Note_off_c, 6, 33, 0
3, 108720, Note_on_c, 6, 35, 95
3, 108960, Note_off_c, 6, 35, 0
3, 108960, Note_on_c, 6, 38, 95
3, 110400, Note_off_c, 6, 38, 0
3, 110400, Note_on_c, 6, 45, 95
3, 110640, Note_off_c, 6, 45, 0
3, 110640, Note_on_c, 6, 38, 95
3, 111120, Note_off_c, 6, 38, 0
3, 111120, Note_on_c, 6, 45, 95
3, 111360, Note_off_c, 6, 45, 0
3, 111360, Note_on_c, 6, 35, 95
3, 112080, Note_off_c, 6, 35, 0
3, 112080, Note_on_c, 6, 47, 95
3, 112320, Note_off_c, 6, 47, 0
3, 112320, Note_on_c, 6, 35, 95
3, 112560, Note_off_c, 6, 35, 0
3, 112560, Note_on_c, 6, 47, 95
3, 112800, Note_off_c, 6, 47, 0
3, 112800, Note_on_c, 6, 36, 95
3, 113730, Note_on_c, 6, 36, 100
3, 113760, Note_off_c, 6, 36, 0
3, 113760, Note_off_c, 6, 36, 0
3, 113760, Note_on_c, 6, 38, 95
3, 114480, Note_off_c, 6, 38, 0
3, 114480, Note_on_c, 6, 36, 95
3, 114720, Note_off_c, 6, 36, 0
3, 114720, Note_on_c, 6, 35, 95
3, 114960, Note_off_c, 6, 35, 0
3, 114960, Note_on_c, 6, 33, 95
3, 115200, Note_off_c, 6, 33, 0
3, 115200, Note_on_c, 6, 31, 95
3, 115920, Note_off_c, 6, 31, 0
3, 115920, Note_on_c, 6, 31, 95
3, 116160, Note_off_c, 6, 31, 0
3, 116160, Note_on_c, 6, 33, 95
3, 116400, Note_off_c, 6, 33, 0
3, 116400, Note_on_c, 6, 35, 95
3, 116640, Note_off_c, 6, 35, 0
3, 116640, Note_on_c, 6, 38, 95
3, 118080, Note_off_c, 6, 38, 0
3, 118080, Note_on_c, 6, 45, 95
3, 118320, Note_off_c, 6, 45, 0
3, 118320, Note_on_c, 6, 38, 95
3, 118800, Note_off_c, 6, 38, 0
3, 118800, Note_on_c, 6, 45, 95
3, 119040, Note_off_c, 6, 45, 0
3, 119040, Note_on_c, 6, 35, 95
3, 119760, Note_off_c, 6, 35, 0
3, 119760, Note_on_c, 6, 47, 95
3, 120000, Note_off_c, 6, 47, 0
3, 120000, Note_on_c, 6, 35, 95
3, 120240, Note_off_c, 6, 35, 0
3, 120240, Note_on_c, 6, 47, 95
3, 120480, Note_off_c, 6, 47, 0
3, 120480, Note_on_c, 6, 36, 95
3, 121410, Note_on_c, 6, 36, 100
3, 121440, Note_off_c, 6, 36, 0
3, 121440, Note_off_c, 6, 36, 0
3, 121440, Note_on_c, 6, 38, 95
3, 122160, Note_off_c, 6, 38, 0
3, 122160, Note_on_c, 6, 36, 95
3, 122400, Note_off_c, 6, 36, 0
3, 122400, Note_on_c, 6, 35, 95
3, 122640, Note_off_c, 6, 35, 0
3, 122640, Note_on_c, 6, 33, 95
3, 122880, Note_off_c, 6, 33, 0
3, 122880, Note_on_c, 6, 31, 95
3, 123600, Note_off_c, 6, 31, 0
3, 123600, Note_on_c, 6, 31, 95
3, 123840, Note_off_c, 6, 31, 0
3, 123840, Note_on_c, 6, 33, 95
3, 124080, Note_off_c, 6, 33, 0
3, 124080, Note_on_c, 6, 35, 95
3, 124320, Note_off_c, 6, 35, 0
3, 124320, Note_on_c, 6, 38, 95
3, 125760, Note_off_c, 6, 38, 0
3, 125760, Note_on_c, 6, 45, 95
3, 126000, Note_off_c, 6, 45, 0
3, 126000, Note_on_c, 6, 38, 95
3, 126480, Note_off_c, 6, 38, 0
3, 126480, Note_on_c, 6, 45, 95
3, 126720, Note_off_c, 6, 45, 0
3, 126720, Note_on_c, 6, 35, 95
3, 127200, Note_off_c, 6, 35, 0
3, 127680, Note_on_c, 6, 36, 95
3, 130560, Note_off_c, 6, 36, 0
3, 130560, Note_on_c, 6, 40, 95
3, 131040, Note_off_c, 6, 40, 0
3, 131040, Note_on_c, 6, 50, 95
3, 131280, Note_off_c, 6, 50, 0
3, 131520, Note_on_c, 6, 52, 95
3, 131760, Note_off_c, 6, 52, 0
3, 132000, Note_on_c, 6, 40, 95
3, 132240, Note_off_c, 6, 40, 0
3, 132240, Note_on_c, 6, 50, 95
3, 132480, Note_off_c, 6, 50, 0
3, 132480, Note_on_c, 6, 40, 95
3, 132720, Note_off_c, 6, 40, 0
3, 132720, Note_on_c, 6, 50, 95
3, 132960, Note_off_c, 6, 50, 0
3, 133200, Note_on_c, 6, 52, 95
3, 133440, Note_off_c, 6, 52, 0
3, 133680, Note_on_c, 6, 40, 95
3, 134400, Note_off_c, 6, 40, 0
3, 134400, Note_on_c, 6, 38, 95
3, 134880, Note_off_c, 6, 38, 0
3, 134880, Note_on_c, 6, 50, 95
3, 135120, Note_off_c, 6, 50, 0
3, 135360, Note_on_c, 6, 52, 95
3, 135600, Note_off_c, 6, 52, 0
3, 135840, Note_on_c, 6, 38, 95
3, 136080, Note_off_c, 6, 38, 0
3, 136080, Note_on_c, 6, 50, 95
3, 136320, Note_off_c, 6, 50, 0
3, 136320, Note_on_c, 6, 38, 95
3, 136560, Note_off_c, 6, 38, 0
3, 136560, Note_on_c, 6, 50, 95
3, 136800, Note_off_c, 6, 50, 0
3, 137040, Note_on_c, 6, 52, 95
3, 137280, Note_off_c, 6, 52, 0
3, 137520, Note_on_c, 6, 38, 95
3, 138240, Note_off_c, 6, 38, 0
3, 138240, Note_on_c, 6, 35, 95
3, 138720, Note_off_c, 6, 35, 0
3, 138720, Note_on_c, 6, 50, 95
3, 138960, Note_off_c, 6, 50, 0
3, 139200, Note_on_c, 6, 35, 95
3, 139440, Note_off_c, 6, 35, 0
3, 139680, Note_on_c, 6, 35, 95
3, 139920, Note_off_c, 6, 35, 0
3, 140160, Note_on_c, 6, 35, 95
3, 140400, Note_off_c, 6, 35, 0
3, 140400, Note_on_c, 6, 50, 95
3, 140640, Note_off_c, 6, 50, 0
3, 140880, Note_on_c, 6, 35, 95
3, 141120, Note_off_c, 6, 35, 0
3, 141360, Note_on_c, 6, 35, 95
3, 142080, Note_off_c, 6, 35, 0
3, 142080, Note_on_c, 6, 36, 95
3, 142560, Note_off_c, 6, 36, 0
3, 142560, Note_on_c, 6, 50, 95
3, 142800, Note_off_c, 6, 50, 0
3, 143040, Note_on_c, 6, 52, 95
3, 143280, Note_off_c, 6, 52, 0
3, 143520, Note_on_c, 6, 36, 95
3, 143760, Note_off_c, 6, 36, 0
3, 143760, Note_on_c, 6, 50, 95
3, 144000, Note_off_c, 6, 50, 0
3, 144000, Note_on_c, 6, 36, 95
3, 144240, Note_off_c, 6, 36, 0
3, 144240, Note_on_c, 6, 50, 95
3, 144480, Note_off_c, 6, 50, 0
3, 144720, Note_on_c, 6, 52, 95
3, 144960, Note_off_c, 6, 52, 0
3, 145200, Note_on_c, 6, 36, 95
3, 145680, Note_off_c, 6, 36, 0
3, 145680, Note_on_c, 6, 36, 95
3, 145920, Note_off_c, 6, 36, 0
3, 145920, Note_on_c, 6, 40, 95
3, 146400, Note_off_c, 6, 40, 0
3, 146400, Note_on_c, 6, 50, 95
3, 146640, Note_off_c, 6, 50, 0
3, 146880, Note_on_c, 6, 52, 95
3, 147120, Note_off_c, 6, 52, 0
3, 147360, Note_on_c, 6, 40, 95
3, 147600, Note_off_c, 6, 40, 0
3, 147600, Note_on_c, 6, 50, 95
3, 147840, Note_off_c, 6, 50, 0
3, 147840, Note_on_c, 6, 40, 95
3, 148080, Note_off_c, 6, 40, 0
3, 148080, Note_on_c, 6, 50, 95
3, 148320, Note_off_c, 6, 50, 0
3, 148560, Note_on_c, 6, 52, 95
3, 148800, Note_off_c, 6, 52, 0
3, 149040, Note_on_c, 6, 40, 95
3, 149280, Note_off_c, 6, 40, 0
3, 149280, Note_on_c, 6, 40, 95
3, 149520, Note_off_c, 6, 40, 0
3, 149520, Note_on_c, 6, 40, 95
3, 149760, Note_off_c, 6, 40, 0
3, 149760, Note_on_c, 6, 38, 95
3, 150000, Note_off_c, 6, 38, 0
3, 150240, Note_on_c, 6, 50, 95
3, 150480, Note_off_c, 6, 50, 0
3, 150720, Note_on_c, 6, 52, 95
3, 150960, Note_off_c, 6, 52, 0
3, 151200, Note_on_c, 6, 38, 95
3, 151440, Note_off_c, 6, 38, 0
3, 151440, Note_on_c, 6, 50, 95
3, 151680, Note_off_c, 6, 50, 0
3, 151680, Note_on_c, 6, 38, 95
3, 151920, Note_off_c, 6, 38, 0
3, 151920, Note_on_c, 6, 50, 95
3, 152160, Note_off_c, 6, 50, 0
3, 152400, Note_on_c, 6, 52, 95
3, 152640, Note_off_c, 6, 52, 0
3, 152880, Note_on_c, 6, 38, 95
3, 153120, Note_off_c, 6, 38, 0
3, 153120, Note_on_c, 6, 38, 95
3, 153360, Note_off_c, 6, 38, 0
3, 153360, Note_on_c, 6, 38, 95
3, 153600, Note_off_c, 6, 38, 0
3, 153600, Note_on_c, 6, 35, 95
3, 153840, Note_off_c, 6, 35, 0
3, 154080, Note_on_c, 6, 50, 95
3, 154320, Note_off_c, 6, 50, 0
3, 154560, Note_on_c, 6, 35, 95
3, 154800, Note_off_c, 6, 35, 0
3, 155040, Note_on_c, 6, 35, 95
3, 155280, Note_off_c, 6, 35, 0
3, 155520, Note_on_c, 6, 35, 95
3, 155760, Note_off_c, 6, 35, 0
3, 155760, Note_on_c, 6, 50, 95
3, 156000, Note_off_c, 6, 50, 0
3, 156240, Note_on_c, 6, 35, 95
3, 156480, Note_off_c, 6, 35, 0
3, 156720, Note_on_c, 6, 35, 95
3, 157200, Note_off_c, 6, 35, 0
3, 157200, Note_on_c, 6, 35, 95
3, 157440, Note_off_c, 6, 35, 0
3, 157440, Note_on_c, 6, 36, 95
3, 157920, Note_off_c, 6, 36, 0
3, 157920, Note_on_c, 6, 50, 95
3, 158160, Note_off_c, 6, 50, 0
3, 158400, Note_on_c, 6, 52, 95
3, 158640, Note_off_c, 6, 52, 0
3, 158880, Note_on_c, 6, 36, 95
3, 159120, Note_off_c, 6, 36, 0
3, 159120, Note_on_c, 6, 50, 95
3, 159360, Note_off_c, 6, 50, 0
3, 159360, Note_on_c, 6, 36, 95
3, 159600, Note_off_c, 6, 36, 0
3, 159600, Note_on_c, 6, 50, 95
3, 159840, Note_off_c, 6, 50, 0
3, 160080, Note_on_c, 6, 52, 95
3, 160320, Note_off_c, 6, 52, 0
3, 160560, Note_on_c, 6, 36, 95
3, 161040, Note_off_c, 6, 36, 0
3, 161040, Note_on_c, 6, 36, 95
3, 161280, Note_off_c, 6, 36, 0
3, 161280, Note_on_c, 6, 40, 95
3, 161760, Note_off_c, 6, 40, 0
3, 161760, Note_on_c, 6, 50, 95
3, 162000, Note_off_c, 6, 50, 0
3, 162240, Note_on_c, 6, 52, 95
3, 162480, Note_off_c, 6, 52, 0
3, 162720, Note_on_c, 6, 40, 95
3, 162960, Note_off_c, 6, 40, 0
3, 162960, Note_on_c, 6, 50, 95
3, 163200, Note_off_c, 6, 50, 0
3, 163200, Note_on_c, 6, 40, 95
3, 163440, Note_off_c, 6, 40, 0
3, 163440, Note_on_c, 6, 50, 95
3, 163680, Note_off_c, 6, 50, 0
3, 163920, Note_on_c, 6, 52, 95
3, 164160, Note_off_c, 6, 52, 0
3, 164400, Note_on_c, 6, 40, 95
3, 164640, Note_off_c, 6, 40, 0
3, 164640, Note_on_c, 6, 40, 95
3, 164880, Note_off_c, 6, 40, 0
3, 164880, Note_on_c, 6, 40, 95
3, 165120, Note_off_c, 6, 40, 0
3, 165120, Note_on_c, 6, 38, 95
3, 165360, Note_off_c, 6, 38, 0
3, 165600, Note_on_c, 6, 50, 95
3, 165840, Note_off_c, 6, 50, 0
3, 166080, Note_on_c, 6, 52, 95
3, 166320, Note_off_c, 6, 52, 0
3, 166560, Note_on_c, 6, 38, 95
3, 166800, Note_off_c, 6, 38, 0
3, 166800, Note_on_c, 6, 50, 95
3, 167040, Note_off_c, 6, 50, 0
3, 167040, Note_on_c, 6, 38, 95
3, 167280, Note_off_c, 6, 38, 0
3, 167280, Note_on_c, 6, 50, 95
3, 167520, Note_off_c, 6, 50, 0
3, 167760, Note_on_c, 6, 52, 95
3, 168000, Note_off_c, 6, 52, 0
3, 168240, Note_on_c, 6, 38, 95
3, 168480, Note_off_c, 6, 38, 0
3, 168480, Note_on_c, 6, 38, 95
3, 168720, Note_off_c, 6, 38, 0
3, 168720, Note_on_c, 6, 38, 95
3, 168960, Note_off_c, 6, 38, 0
3, 168960, Note_on_c, 6, 35, 95
3, 169200, Note_off_c, 6, 35, 0
3, 169440, Note_on_c, 6, 50, 95
3, 169680, Note_off_c, 6, 50, 0
3, 169920, Note_on_c, 6, 35, 95
3, 170160, Note_off_c, 6, 35, 0
3, 170400, Note_on_c, 6, 35, 95
3, 170640, Note_off_c, 6, 35, 0
3, 170880, Note_on_c, 6, 35, 95
3, 171120, Note_off_c, 6, 35, 0
3, 171120, Note_on_c, 6, 50, 95
3, 171360, Note_off_c, 6, 50, 0
3, 171600, Note_on_c, 6, 35, 95
3, 171840, Note_off_c, 6, 35, 0
3, 172080, Note_on_c, 6, 35, 95
3, 172560, Note_off_c, 6, 35, 0
3, 172560, Note_on_c, 6, 35, 95
3, 172800, Note_off_c, 6, 35, 0
3, 172800, Note_on_c, 6, 36, 95
3, 173280, Note_off_c, 6, 36, 0
3, 173280, Note_on_c, 6, 50, 95
3, 173520, Note_off_c, 6, 50, 0
3, 173760, Note_on_c, 6, 52, 95
3, 174000, Note_off_c, 6, 52, 0
3, 174240, Note_on_c, 6, 36, 95
3, 174480, Note_off_c, 6, 36, 0
3, 174480, Note_on_c, 6, 50, 95
3, 174720, Note_off_c, 6, 50, 0
3, 174720, Note_on_c, 6, 36, 95
3, 174960, Note_off_c, 6, 36, 0
3, 174960, Note_on_c, 6, 50, 95
3, 175200, Note_off_c, 6, 50, 0
3, 175440, Note_on_c, 6, 52, 95
3, 175680, Note_off_c, 6, 52, 0
3, 175920, Note_on_c, 6, 36, 95
3, 176400, Note_off_c, 6, 36, 0
3, 176400, Note_on_c, 6, 36, 95
3, 176640, Note_off_c, 6, 36, 0
3, 176640, Note_on_c, 6, 40, 95
3, 177120, Note_off_c, 6, 40, 0
3, 177120, Note_on_c, 6, 50, 95
3, 177360, Note_off_c, 6, 50, 0
3, 177600, Note_on_c, 6, 52, 95
3, 177840, Note_off_c, 6, 52, 0
3, 178080, Note_on_c, 6, 40, 95
3, 178320, Note_off_c, 6, 40, 0
3, 178320, Note_on_c, 6, 50, 95
3, 178560, Note_off_c, 6, 50, 0
3, 178560, Note_on_c, 6, 40, 95
3, 178800, Note_off_c, 6, 40, 0
3, 178800, Note_on_c, 6, 50, 95
3, 179040, Note_off_c, 6, 50, 0
3, 179280, Note_on_c, 6, 52, 95
3, 179520, Note_off_c, 6, 52, 0
3, 179760, Note_on_c, 6, 40, 95
3, 180480, Note_off_c, 6, 40, 0
3, 180480, Note_on_c, 6, 38, 95
3, 180960, Note_off_c, 6, 38, 0
3, 180960, Note_on_c, 6, 50, 95
3, 181200, Note_off_c, 6, 50, 0
3, 181440, Note_on_c, 6, 52, 95
3, 181680, Note_off_c, 6, 52, 0
3, 181920, Note_on_c, 6, 38, 95
3, 182160, Note_off_c, 6, 38, 0
3, 182160, Note_on_c, 6, 50, 95
3, 182400, Note_off_c, 6, 50, 0
3, 182400, Note_on_c, 6, 38, 95
3, 182640, Note_off_c, 6, 38, 0
3, 182640, Note_on_c, 6, 50, 95
3, 182880, Note_off_c, 6, 50, 0
3, 183120, Note_on_c, 6, 52, 95
3, 183360, Note_off_c, 6, 52, 0
3, 183600, Note_on_c, 6, 38, 95
3, 184320, Note_off_c, 6, 38, 0
3, 184320, Note_on_c, 6, 35, 95
3, 184800, Note_off_c, 6, 35, 0
3, 184800, Note_on_c, 6, 50, 95
3, 185040, Note_off_c, 6, 50, 0
3, 185280, Note_on_c, 6, 35, 95
3, 185520, Note_off_c, 6, 35, 0
3, 185760, Note_on_c, 6, 35, 95
3, 186000, Note_off_c, 6, 35, 0
3, 186240, Note_on_c, 6, 35, 95
3, 186480, Note_off_c, 6, 35, 0
3, 186480, Note_on_c, 6, 50, 95
3, 186720, Note_off_c, 6, 50, 0
3, 186960, Note_on_c, 6, 35, 95
3, 187200, Note_off_c, 6, 35, 0
3, 187440, Note_on_c, 6, 35, 95
3, 188160, Note_off_c, 6, 35, 0
3, 188160, Note_on_c, 6, 36, 95
3, 188640, Note_off_c, 6, 36, 0
3, 188640, Note_on_c, 6, 50, 95
3, 188880, Note_off_c, 6, 50, 0
3, 189120, Note_on_c, 6, 52, 95
3, 189360, Note_off_c, 6, 52, 0
3, 189600, Note_on_c, 6, 36, 95
3, 189840, Note_off_c, 6, 36, 0
3, 189840, Note_on_c, 6, 50, 95
3, 190080, Note_off_c, 6, 50, 0
3, 190080, Note_on_c, 6, 36, 95
3, 190320, Note_off_c, 6, 36, 0
3, 190320, Note_on_c, 6, 50, 95
3, 190560, Note_off_c, 6, 50, 0
3, 190800, Note_on_c, 6, 52, 95
3, 191040, Note_off_c, 6, 52, 0
3, 191280, Note_on_c, 6, 36, 95
3, 191760, Note_off_c, 6, 36, 0
3, 191760, Note_on_c, 6, 36, 95
3, 192000, Note_off_c, 6, 36, 0
3, 192000, Note_on_c, 6, 31, 95
3, 192720, Note_off_c, 6, 31, 0
3, 192720, Note_on_c, 6, 31, 95
3, 192960, Note_off_c, 6, 31, 0
3, 192960, Note_on_c, 6, 33, 95
3, 193200, Note_off_c, 6, 33, 0
3, 193200, Note_on_c, 6, 35, 95
3, 193440, Note_off_c, 6, 35, 0
3, 193440, Note_on_c, 6, 38, 95
3, 194880, Note_off_c, 6, 38, 0
3, 194880, Note_on_c, 6, 45, 95
3, 195120, Note_off_c, 6, 45, 0
3, 195120, Note_on_c, 6, 38, 95
3, 195600, Note_off_c, 6, 38, 0
3, 195600, Note_on_c, 6, 45, 95
3, 195840, Note_off_c, 6, 45, 0
3, 195840, Note_on_c, 6, 35, 95
3, 196560, Note_off_c, 6, 35, 0
3, 196560, Note_on_c, 6, 47, 95
3, 196800, Note_off_c, 6, 47, 0
3, 196800, Note_on_c, 6, 35, 95
3, 197040, Note_off_c, 6, 35, 0
3, 197040, Note_on_c, 6, 47, 95
3, 197280, Note_off_c, 6, 47, 0
3, 197280, Note_on_c, 6, 36, 95
3, 198210, Note_on_c, 6, 36, 100
3, 198240, Note_off_c, 6, 36, 0
3, 198240, Note_off_c, 6, 36, 0
3, 198240, Note_on_c, 6, 38, 95
3, 198960, Note_off_c, 6, 38, 0
3, 198960, Note_on_c, 6, 36, 95
3, 199200, Note_off_c, 6, 36, 0
3, 199200, Note_on_c, 6, 35, 95
3, 199440, Note_off_c, 6, 35, 0
3, 199440, Note_on_c, 6, 33, 95
3, 199680, Note_off_c, 6, 33, 0
3, 199680, Note_on_c, 6, 31, 95
3, 200400, Note_off_c, 6, 31, 0
3, 200400, Note_on_c, 6, 31, 95
3, 200640, Note_off_c, 6, 31, 0
3, 200640, Note_on_c, 6, 33, 95
3, 200880, Note_off_c, 6, 33, 0
3, 200880, Note_on_c, 6, 35, 95
3, 201120, Note_off_c, 6, 35, 0
3, 201120, Note_on_c, 6, 38, 95
3, 202560, Note_off_c, 6, 38, 0
3, 202560, Note_on_c, 6, 45, 95
3, 202800, Note_off_c, 6, 45, 0
3, 202800, Note_on_c, 6, 38, 95
3, 203280, Note_off_c, 6, 38, 0
3, 203280, Note_on_c, 6, 45, 95
3, 203520, Note_off_c, 6, 45, 0
3, 203520, Note_on_c, 6, 35, 95
3, 204240, Note_off_c, 6, 35, 0
3, 204240, Note_on_c, 6, 47, 95
3, 204480, Note_off_c, 6, 47, 0
3, 204480, Note_on_c, 6, 35, 95
3, 204720, Note_off_c, 6, 35, 0
3, 204720, Note_on_c, 6, 47, 95
3, 204960, Note_off_c, 6, 47, 0
3, 204960, Note_on_c, 6, 36, 95
3, 205890, Note_on_c, 6, 36, 100
3, 205920, Note_off_c, 6, 36, 0
3, 205920, Note_off_c, 6, 36, 0
3, 205920, Note_on_c, 6, 38, 95
3, 206640, Note_off_c, 6, 38, 0
3, 206640, Note_on_c, 6, 36, 95
3, 206880, Note_off_c, 6, 36, 0
3, 206880, Note_on_c, 6, 35, 95
3, 207120, Note_off_c, 6, 35, 0
3, 207120, Note_on_c, 6, 33, 95
3, 207360, Note_off_c, 6, 33, 0
3, 207360, Note_on_c, 6, 31, 95
3, 208080, Note_off_c, 6, 31, 0
3, 208080, Note_on_c, 6, 31, 95
3, 208320, Note_off_c, 6, 31, 0
3, 208320, Note_on_c, 6, 33, 95
3, 208560, Note_off_c, 6, 33, 0
3, 208560, Note_on_c, 6, 35, 95
3, 208800, Note_off_c, 6, 35, 0
3, 208800, Note_on_c, 6, 38, 95
3, 210240, Note_off_c, 6, 38, 0
3, 210240, Note_on_c, 6, 45, 95
3, 210480, Note_off_c, 6, 45, 0
3, 210480, Note_on_c, 6, 38, 95
3, 210960, Note_off_c, 6, 38, 0
3, 210960, Note_on_c, 6, 45, 95
3, 211200, Note_off_c, 6, 45, 0
3, 211200, Note_on_c, 6, 35, 95
3, 211920, Note_off_c, 6, 35, 0
3, 211920, Note_on_c, 6, 47, 95
3, 212160, Note_off_c, 6, 47, 0
3, 212160, Note_on_c, 6, 35, 95
3, 212400, Note_off_c, 6, 35, 0
3, 212400, Note_on_c, 6, 47, 95
3, 212640, Note_off_c, 6, 47, 0
3, 212640, Note_on_c, 6, 36, 95
3, 213570, Note_on_c, 6, 36, 100
3, 213600, Note_off_c, 6, 36, 0
3, 213600, Note_off_c, 6, 36, 0
3, 213600, Note_on_c, 6, 38, 95
3, 214320, Note_off_c, 6, 38, 0
3, 214320, Note_on_c, 6, 36, 95
3, 214560, Note_off_c, 6, 36, 0
3, 214560, Note_on_c, 6, 35, 95
3, 214800, Note_off_c, 6, 35, 0
3, 214800, Note_on_c, 6, 33, 95
3, 215040, Note_off_c, 6, 33, 0
3, 215040, Note_on_c, 6, 31, 95
3, 215760, Note_off_c, 6, 31, 0
3, 215760, Note_on_c, 6, 31, 95
3, 216000, Note_off_c, 6, 31, 0
3, 216000, Note_on_c, 6, 33, 95
3, 216240, Note_off_c, 6, 33, 0
3, 216240, Note_on_c, 6, 35, 95
3, 216480, Note_off_c, 6, 35, 0
3, 216480, Note_on_c, 6, 38, 95
3, 217920, Note_off_c, 6, 38, 0
3, 217920, Note_on_c, 6, 45, 95
3, 218160, Note_off_c, 6, 45, 0
3, 218160, Note_on_c, 6, 38, 95
3, 218640, Note_off_c, 6, 38, 0
3, 218640, Note_on_c, 6, 45, 95
3, 218880, Note_off_c, 6, 45, 0
3, 218880, Note_on_c, 6, 35, 95
3, 219360, Note_off_c, 6, 35, 0
3, 219840, Note_on_c, 6, 36, 95
3, 222720, Note_off_c, 6, 36, 0
3, 222720, Note_on_c, 6, 40, 95
3, 223200, Note_on_c, 6, 52, 95
3, 223680, Note_off_c, 6, 40, 0
3, 223680, Note_on_c, 6, 47, 95
3, 224160, Note_off_c, 6, 52, 0
3, 224160, Note_on_c, 6, 40, 95
3, 224640, Note_off_c, 6, 47, 0
3, 224640, Note_off_c, 6, 40, 0
3, 226560, Note_on_c, 6, 50, 95
3, 227040, Note_on_c, 6, 45, 95
3, 227520, Note_off_c, 6, 50, 0
3, 227520, Note_on_c, 6, 38, 95
3, 228000, Note_on_c, 6, 50, 95
3, 228480, Note_off_c, 6, 45, 0
3, 228480, Note_off_c, 6, 38, 0
3, 228480, Note_off_c, 6, 50, 0
3, 230400, Note_on_c, 6, 47, 95
3, 230880, Note_off_c, 6, 47, 0
3, 230880, Note_on_c, 6, 35, 95
3, 231360, Note_on_c, 6, 47, 95
3, 231840, Note_off_c, 6, 35, 0
3, 231840, Note_on_c, 6, 42, 95
3, 232320, Note_off_c, 6, 47, 0
3, 232320, Note_off_c, 6, 42, 0
3, 234240, Note_on_c, 6, 43, 95
3, 234720, Note_off_c, 6, 43, 0
3, 234720, Note_on_c, 6, 43, 95
3, 235200, Note_on_c, 6, 36, 95
3, 235680, Note_off_c, 6, 43, 0
3, 235680, Note_on_c, 6, 48, 95
3, 236160, Note_off_c, 6, 36, 0
3, 236160, Note_off_c, 6, 48, 0
3, 238080, Note_on_c, 6, 40, 95
3, 238560, Note_on_c, 6, 52, 95
3, 239040, Note_off_c, 6, 40, 0
3, 239040, Note_on_c, 6, 47, 95
3, 239520, Note_off_c, 6, 52, 0
3, 239520, Note_on_c, 6, 40, 95
3, 240000, Note_off_c, 6, 47, 0
3, 240000, Note_off_c, 6, 40, 0
3, 241920, Note_on_c, 6, 50, 95
3, 242400, Note_on_c, 6, 45, 95
3, 242880, Note_off_c, 6, 50, 0
3, 242880, Note_on_c, 6, 38, 95
3, 243360, Note_off_c, 6, 45, 0
3, 243360, Note_on_c, 6, 50, 95
3, 243840, Note_off_c, 6, 38, 0
3, 243840, Note_off_c, 6, 50, 0
3, 245760, Note_on_c, 6, 47, 95
3, 246240, Note_off_c, 6, 47, 0
3, 246240, Note_on_c, 6, 35, 95
3, 246720, Note_on_c, 6, 47, 95
3, 247200, Note_off_c, 6, 35, 0
3, 247200, Note_on_c, 6, 42, 95
3, 247680, Note_off_c, 6, 47, 0
3, 247680, Note_off_c, 6, 42, 0
3, 250080, Note_on_c, 6, 43, 95
3, 250560, Note_on_c, 6, 36, 95
3, 251040, Note_off_c, 6, 43, 0
3, 251040, Note_on_c, 6, 48, 95
3, 251520, Note_off_c, 6, 36, 0
3, 251520, Note_off_c, 6, 48, 0
3, 252000, Note_on_c, 6, 38, 95
3, 252480, Note_off_c, 6, 38, 0
3, 252960, Note_on_c, 6, 39, 95
3, 253440, Note_off_c, 6, 39, 0
3, 253440, Note_on_c, 6, 40, 95
3, 253920, Note_on_c, 6, 52, 95
3, 254400, Note_off_c, 6, 40, 0
3, 254400, Note_on_c, 6, 47, 95
3, 254880, Note_off_c, 6, 52, 0
3, 254880, Note_on_c, 6, 40, 95
3, 255360, Note_off_c, 6, 47, 0
3, 255360, Note_off_c, 6, 40, 0
3, 257280, Note_on_c, 6, 50, 95
3, 257760, Note_on_c, 6, 45, 95
3, 258240, Note_off_c, 6, 50, 0
3, 258240, Note_on_c, 6, 38, 95
3, 258720, Note_off_c, 6, 45, 0
3, 258720, Note_on_c, 6, 50, 95
3, 259200, Note_off_c, 6, 38, 0
3, 259200, Note_off_c, 6, 50, 0
3, 261120, Note_on_c, 6, 47, 95
3, 261600, Note_off_c, 6, 47, 0
3, 261600, Note_on_c, 6, 35, 95
3, 262080, Note_on_c, 6, 47, 95
3, 262560, Note_off_c, 6, 35, 0
3, 262560, Note_on_c, 6, 42, 95
3, 263040, Note_off_c, 6, 47, 0
3, 263040, Note_off_c, 6, 42, 0
3, 265440, Note_on_c, 6, 43, 95
3, 265920, Note_on_c, 6, 36, 95
3, 266400, Note_off_c, 6, 43, 0
3, 266400, Note_on_c, 6, 48, 95
3, 266880, Note_off_c, 6, 36, 0
3, 266880, Note_off_c, 6, 48, 0
3, 267600, Note_on_c, 6, 42, 95
3, 267600, Control_c, 6, 101, 0
3, 267600, Control_c, 6, 100, 0
3, 267600, Control_c, 6, 6, 6
3, 267600, Control_c, 6, 38, 0
3, 267600, Pitch_bend_c, 6, 8192
3, 267648, Pitch_bend_c, 6, 8345
3, 267696, Pitch_bend_c, 6, 8499
3, 267744, Pitch_bend_c, 6, 8345
3, 267792, Pitch_bend_c, 6, 8192
3, 267840, Pitch_bend_c, 6, 8039
3, 267888, Pitch_bend_c, 6, 7885
3, 267936, Pitch_bend_c, 6, 8039
3, 267984, Pitch_bend_c, 6, 8192
3, 268032, Pitch_bend_c, 6, 8345
3, 268080, Note_off_c, 6, 42, 0
3, 268080, Pitch_bend_c, 6, 8499
3, 268080, Pitch_bend_c, 6, 8064
3, 268080, Control_c, 6, 101, 127
3, 268080, Control_c, 6, 10, 127
3, 268080, Note_on_c, 6, 45, 95
3, 268320, Note_off_c, 6, 45, 0
3, 268320, Note_on_c, 6, 38, 95
3, 268560, Note_off_c, 6, 38, 0
3, 268560, Note_on_c, 6, 39, 95
3, 268800, Note_off_c, 6, 39, 0
3, 268800, Note_on_c, 6, 40, 95
3, 269280, Note_on_c, 6, 52, 95
3, 269760, Note_off_c, 6, 40, 0
3, 269760, Note_on_c, 6, 47, 95
3, 270240, Note_off_c, 6, 52, 0
3, 270240, Note_on_c, 6, 40, 95
3, 270720, Note_off_c, 6, 47, 0
3, 270720, Note_off_c, 6, 40, 0
3, 272640, Note_on_c, 6, 50, 95
3, 273120, Note_on_c, 6, 45, 95
3, 273600, Note_off_c, 6, 50, 0
3, 273600, Note_on_c, 6, 38, 95
3, 274080, Note_off_c, 6, 45, 0
3, 274080, Note_on_c, 6, 50, 95
3, 274560, Note_off_c, 6, 38, 0
3, 274560, Note_off_c, 6, 50, 0
3, 276480, Note_on_c, 6, 47, 95
3, 276960, Note_off_c, 6, 47, 0
3, 276960, Note_on_c, 6, 35, 95
3, 277440, Note_on_c, 6, 47, 95
3, 277920, Note_off_c, 6, 35, 0
3, 277920, Note_on_c, 6, 42, 95
3, 278400, Note_off_c, 6, 47, 0
3, 278400, Note_off_c, 6, 42, 0
3, 280800, Note_on_c, 6, 43, 95
3, 281280, Note_on_c, 6, 36, 95
3, 281760, Note_off_c, 6, 43, 0
3, 281760, Note_on_c, 6, 48, 95
3, 282240, Note_off_c, 6, 36, 0
3, 282240, Note_off_c, 6, 48, 0
3, 282720, Note_on_c, 6, 38, 95
3, 283200, Note_off_c, 6, 38, 0
3, 283680, Note_on_c, 6, 39, 95
3, 284160, Note_off_c, 6, 39, 0
3, 284160, Note_on_c, 6, 40, 95
3, 284400, Note_off_c, 6, 40, 0
3, 284640, Note_on_c, 6, 50, 95
3, 284880, Note_off_c, 6, 50, 0
3, 285120, Note_on_c, 6, 52, 95
3, 285360, Note_off_c, 6, 52, 0
3, 285600, Note_on_c, 6, 40, 95
3, 285840, Note_off_c, 6, 40, 0
3, 285840, Note_on_c, 6, 50, 95
3, 286080, Note_off_c, 6, 50, 0
3, 286080, Note_on_c, 6, 40, 95
3, 286320, Note_off_c, 6, 40, 0
3, 286320, Note_on_c, 6, 50, 95
3, 286560, Note_off_c, 6, 50, 0
3, 286800, Note_on_c, 6, 52, 95
3, 287040, Note_off_c, 6, 52, 0
3, 287280, Note_on_c, 6, 40, 95
3, 287520, Note_off_c, 6, 40, 0
3, 287520, Note_on_c, 6, 40, 95
3, 287760, Note_off_c, 6, 40, 0
3, 287760, Note_on_c, 6, 40, 95
3, 288000, Note_off_c, 6, 40, 0
3, 288000, Note_on_c, 6, 38, 95
3, 288240, Note_off_c, 6, 38, 0
3, 288480, Note_on_c, 6, 50, 95
3, 288720, Note_off_c, 6, 50, 0
3, 288960, Note_on_c, 6, 52, 95
3, 289200, Note_off_c, 6, 52, 0
3, 289440, Note_on_c, 6, 38, 95
3, 289680, Note_off_c, 6, 38, 0
3, 289680, Note_on_c, 6, 50, 95
3, 289920, Note_off_c, 6, 50, 0
3, 289920, Note_on_c, 6, 38, 95
3, 290160, Note_off_c, 6, 38, 0
3, 290160, Note_on_c, 6, 50, 95
3, 290400, Note_off_c, 6, 50, 0
3, 290640, Note_on_c, 6, 52, 95
3, 290880, Note_off_c, 6, 52, 0
3, 291120, Note_on_c, 6, 38, 95
3, 291360, Note_off_c, 6, 38, 0
3, 291360, Note_on_c, 6, 38, 95
3, 291600, Note_off_c, 6, 38, 0
3, 291600, Note_on_c, 6, 38, 95
3, 291840, Note_off_c, 6, 38, 0
3, 291840, Note_on_c, 6, 35, 95
3, 292080, Note_off_c, 6, 35, 0
3, 292320, Note_on_c, 6, 50, 95
3, 292560, Note_off_c, 6, 50, 0
3, 292800, Note_on_c, 6, 50, 95
3, 293040, Note_off_c, 6, 50, 0
3, 293280, Note_on_c, 6, 35, 95
3, 293520, Note_off_c, 6, 35, 0
3, 293760, Note_on_c, 6, 35, 95
3, 294000, Note_off_c, 6, 35, 0
3, 294000, Note_on_c, 6, 50, 95
3, 294240, Note_off_c, 6, 50, 0
3, 294480, Note_on_c, 6, 50, 95
3, 294720, Note_off_c, 6, 50, 0
3, 294960, Note_on_c, 6, 35, 95
3, 295200, Note_off_c, 6, 35, 0
3, 295200, Note_on_c, 6, 35, 95
3, 295440, Note_off_c, 6, 35, 0
3, 295440, Note_on_c, 6, 35, 95
3, 295680, Note_off_c, 6, 35, 0
3, 295680, Note_on_c, 6, 36, 95
3, 296160, Note_off_c, 6, 36, 0
3, 296160, Note_on_c, 6, 50, 95
3, 296400, Note_off_c, 6, 50, 0
3, 296640, Note_on_c, 6, 50, 95
3, 296880, Note_off_c, 6, 50, 0
3, 297120, Note_on_c, 6, 50, 95
3, 297600, Note_off_c, 6, 50, 0
3, 297810, Note_on_c, 6, 43, 100
3, 297840, Note_off_c, 6, 43, 0
3, 297840, Note_on_c, 6, 45, 95
3, 298080, Note_off_c, 6, 45, 0
3, 298080, Note_on_c, 6, 47, 95
3, 298320, Note_off_c, 6, 47, 0
3, 298320, Note_on_c, 6, 50, 95
3, 298800, Note_off_c, 6, 50, 0
3, 298800, Note_on_c, 6, 43, 95
3, 299040, Note_off_c, 6, 43, 0
3, 299040, Note_on_c, 6, 45, 95
3, 299280, Note_off_c, 6, 45, 0
3, 299280, Note_on_c, 6, 43, 95
3, 299520, Note_off_c, 6, 43, 0
3, 299520, Note_on_c, 6, 40, 95
3, 300000, Note_off_c, 6, 40, 0
3, 300000, Note_on_c, 6, 50, 95
3, 300240, Note_off_c, 6, 50, 0
3, 300480, Note_on_c, 6, 52, 95
3, 300720, Note_off_c, 6, 52, 0
3, 300960, Note_on_c, 6, 40, 95
3, 301200, Note_off_c, 6, 40, 0
3, 301200, Note_on_c, 6, 50, 95
3, 301440, Note_off_c, 6, 50, 0
3, 301440, Note_on_c, 6, 40, 95
3, 301680, Note_off_c, 6, 40, 0
3, 301680, Note_on_c, 6, 50, 95
3, 301920, Note_off_c, 6, 50, 0
3, 302160, Note_on_c, 6, 52, 95
3, 302400, Note_off_c, 6, 52, 0
3, 302640, Note_on_c, 6, 40, 95
3, 303360, Note_off_c, 6, 40, 0
3, 303360, Note_on_c, 6, 38, 95
3, 303840, Note_off_c, 6, 38, 0
3, 303840, Note_on_c, 6, 50, 95
3, 304080, Note_off_c, 6, 50, 0
3, 304320, Note_on_c, 6, 52, 95
3, 304560, Note_off_c, 6, 52, 0
3, 304800, Note_on_c, 6, 38, 95
3, 305040, Note_off_c, 6, 38, 0
3, 305040, Note_on_c, 6, 50, 95
3, 305280, Note_off_c, 6, 50, 0
3, 305280, Note_on_c, 6, 38, 95
3, 305520, Note_off_c, 6, 38, 0
3, 305520, Note_on_c, 6, 50, 95
3, 305760, Note_off_c, 6, 50, 0
3, 306000, Note_on_c, 6, 52, 95
3, 306240, Note_off_c, 6, 52, 0
3, 306480, Note_on_c, 6, 38, 95
3, 307200, Note_off_c, 6, 38, 0
3, 307200, Note_on_c, 6, 35, 95
3, 307440, Note_off_c, 6, 35, 0
3, 307680, Note_on_c, 6, 50, 95
3, 307920, Note_off_c, 6, 50, 0
3, 308160, Note_on_c, 6, 50, 95
3, 308400, Note_off_c, 6, 50, 0
3, 308640, Note_on_c, 6, 35, 95
3, 308880, Note_off_c, 6, 35, 0
3, 309120, Note_on_c, 6, 35, 95
3, 309360, Note_off_c, 6, 35, 0
3, 309360, Note_on_c, 6, 50, 95
3, 309600, Note_off_c, 6, 50, 0
3, 309840, Note_on_c, 6, 50, 95
3, 310080, Note_off_c, 6, 50, 0
3, 310320, Note_on_c, 6, 35, 95
3, 310560, Note_off_c, 6, 35, 0
3, 310560, Note_on_c, 6, 35, 95
3, 310800, Note_off_c, 6, 35, 0
3, 310800, Note_on_c, 6, 35, 95
3, 311040, Note_off_c, 6, 35, 0
3, 311040, Note_on_c, 6, 36, 95
3, 311520, Note_off_c, 6, 36, 0
3, 311520, Note_on_c, 6, 50, 95
3, 311760, Note_off_c, 6, 50, 0
3, 312000, Note_on_c, 6, 36, 95
3, 312240, Note_off_c, 6, 36, 0
3, 312480, Note_on_c, 6, 36, 95
3, 312960, Note_off_c, 6, 36, 0
3, 313200, Note_on_c, 6, 54, 95
3, 313440, Note_off_c, 6, 54, 0
3, 313680, Note_on_c, 6, 54, 95
3, 314160, Note_off_c, 6, 54, 0
3, 314160, Note_on_c, 6, 60, 95
3, 314400, Note_off_c, 6, 60, 0
3, 314400, Note_on_c, 6, 60, 95
3, 314880, Note_off_c, 6, 60, 0
3, 314880, Note_on_c, 6, 40, 95
3, 315360, Note_off_c, 6, 40, 0
3, 315360, Note_on_c, 6, 50, 95
3, 315600, Note_off_c, 6, 50, 0
3, 315840, Note_on_c, 6, 52, 95
3, 316080, Note_off_c, 6, 52, 0
3, 316320, Note_on_c, 6, 40, 95
3, 316560, Note_off_c, 6, 40, 0
3, 316560, Note_on_c, 6, 50, 95
3, 316800, Note_off_c, 6, 50, 0
3, 316800, Note_on_c, 6, 40, 95
3, 317040, Note_off_c, 6, 40, 0
3, 317040, Note_on_c, 6, 50, 95
3, 317280, Note_off_c, 6, 50, 0
3, 317520, Note_on_c, 6, 52, 95
3, 317760, Note_off_c, 6, 52, 0
3, 318000, Note_on_c, 6, 40, 95
3, 318720, Note_off_c, 6, 40, 0
3, 318720, Note_on_c, 6, 38, 95
3, 319200, Note_off_c, 6, 38, 0
3, 319200, Note_on_c, 6, 50, 95
3, 319440, Note_off_c, 6, 50, 0
3, 319680, Note_on_c, 6, 52, 95
3, 319920, Note_off_c, 6, 52, 0
3, 320160, Note_on_c, 6, 38, 95
3, 320400, Note_off_c, 6, 38, 0
3, 320400, Note_on_c, 6, 50, 95
3, 320640, Note_off_c, 6, 50, 0
3, 320640, Note_on_c, 6, 38, 95
3, 320880, Note_off_c, 6, 38, 0
3, 320880, Note_on_c, 6, 50, 95
3, 321120, Note_off_c, 6, 50, 0
3, 321360, Note_on_c, 6, 52, 95
3, 321600, Note_off_c, 6, 52, 0
3, 321840, Note_on_c, 6, 38, 95
3, 322560, Note_off_c, 6, 38, 0
3, 322560, Note_on_c, 6, 35, 95
3, 322800, Note_off_c, 6, 35, 0
3, 323040, Note_on_c, 6, 50, 95
3, 323280, Note_off_c, 6, 50, 0
3, 323520, Note_on_c, 6, 50, 95
3, 323760, Note_off_c, 6, 50, 0
3, 324000, Note_on_c, 6, 35, 95
3, 324240, Note_off_c, 6, 35, 0
3, 324480, Note_on_c, 6, 35, 95
3, 324720, Note_off_c, 6, 35, 0
3, 324720, Note_on_c, 6, 50, 95
3, 324960, Note_off_c, 6, 50, 0
3, 325200, Note_on_c, 6, 50, 95
3, 325440, Note_off_c, 6, 50, 0
3, 325680, Note_on_c, 6, 35, 95
3, 325920, Note_off_c, 6, 35, 0
3, 325920, Note_on_c, 6, 35, 95
3, 326160, Note_off_c, 6, 35, 0
3, 326160, Note_on_c, 6, 35, 95
3, 326400, Note_off_c, 6, 35, 0
3, 326400, Note_on_c, 6, 36, 95
3, 326880, Note_off_c, 6, 36, 0
3, 326880, Note_on_c, 6, 50, 95
3, 327120, Note_off_c, 6, 50, 0
3, 327360, Note_on_c, 6, 36, 95
3, 327600, Note_off_c, 6, 36, 0
3, 327840, Note_on_c, 6, 36, 95
3, 328320, Note_off_c, 6, 36, 0
3, 328560, Note_on_c, 6, 52, 95
3, 328800, Note_off_c, 6, 52, 0
3, 329040, Note_on_c, 6, 50, 95
3, 329520, Note_off_c, 6, 50, 0
3, 329520, Note_on_c, 6, 43, 95
3, 329760, Note_off_c, 6, 43, 0
3, 329760, Note_on_c, 6, 45, 95
3, 330000, Note_off_c, 6, 45, 0
3, 330000, Note_on_c, 6, 43, 95
3, 330240, Note_off_c, 6, 43, 0
3, 330240, Note_on_c, 6, 40, 95
3, 330720, Note_off_c, 6, 40, 0
3, 330720, Note_on_c, 6, 50, 95
3, 330960, Note_off_c, 6, 50, 0
3, 331200, Note_on_c, 6, 52, 95
3, 331440, Note_off_c, 6, 52, 0
3, 331680, Note_on_c, 6, 40, 95
3, 331920, Note_off_c, 6, 40, 0
3, 331920, Note_on_c, 6, 50, 95
3, 332160, Note_off_c, 6, 50, 0
3, 332160, Note_on_c, 6, 40, 95
3, 332400, Note_off_c, 6, 40, 0
3, 332400, Note_on_c, 6, 50, 95
3, 332640, Note_off_c, 6, 50, 0
3, 332880, Note_on_c, 6, 52, 95
3, 333120, Note_off_c, 6, 52, 0
3, 333360, Note_on_c, 6, 40, 95
3, 334080, Note_off_c, 6, 40, 0
3, 334080, Note_on_c, 6, 38, 95
3, 334560, Note_off_c, 6, 38, 0
3, 334560, Note_on_c, 6, 50, 95
3, 334800, Note_off_c, 6, 50, 0
3, 335040, Note_on_c, 6, 52, 95
3, 335280, Note_off_c, 6, 52, 0
3, 335520, Note_on_c, 6, 38, 95
3, 335760, Note_off_c, 6, 38, 0
3, 335760, Note_on_c, 6, 50, 95
3, 336000, Note_off_c, 6, 50, 0
3, 336000, Note_on_c, 6, 38, 95
3, 336240, Note_off_c, 6, 38, 0
3, 336240, Note_on_c, 6, 50, 95
3, 336480, Note_off_c, 6, 50, 0
3, 336720, Note_on_c, 6, 52, 95
3, 336960, Note_off_c, 6, 52, 0
3, 337200, Note_on_c, 6, 38, 95
3, 337920, Note_off_c, 6, 38, 0
3, 337920, Note_on_c, 6, 35, 95
3, 338160, Note_off_c, 6, 35, 0
3, 338400, Note_on_c, 6, 50, 95
3, 338640, Note_off_c, 6, 50, 0
3, 338880, Note_on_c, 6, 50, 95
3, 339120, Note_off_c, 6, 50, 0
3, 339360, Note_on_c, 6, 35, 95
3, 339600, Note_off_c, 6, 35, 0
3, 339840, Note_on_c, 6, 35, 95
3, 340080, Note_off_c, 6, 35, 0
3, 340080, Note_on_c, 6, 50, 95
3, 340320, Note_off_c, 6, 50, 0
3, 340560, Note_on_c, 6, 50, 95
3, 340800, Note_off_c, 6, 50, 0
3, 341040, Note_on_c, 6, 35, 95
3, 341280, Note_off_c, 6, 35, 0
3, 341280, Note_on_c, 6, 35, 95
3, 341520, Note_off_c, 6, 35, 0
3, 341520, Note_on_c, 6, 35, 95
3, 341760, Note_off_c, 6, 35, 0
3, 341760, Note_on_c, 6, 36, 95
3, 342240, Note_off_c, 6, 36, 0
3, 342240, Note_on_c, 6, 50, 95
3, 342480, Note_off_c, 6, 50, 0
3, 342720, Note_on_c, 6, 36, 95
3, 342960, Note_off_c, 6, 36, 0
3, 343200, Note_on_c, 6, 36, 95
3, 343680, Note_off_c, 6, 36, 0
3, 343920, Note_on_c, 6, 52, 95
3, 344160, Note_off_c, 6, 52, 0
3, 344400, Note_on_c, 6, 50, 95
3, 344880, Note_off_c, 6, 50, 0
3, 344880, Note_on_c, 6, 43, 95
3, 345120, Note_off_c, 6, 43, 0
3, 345120, Note_on_c, 6, 45, 95
3, 345360, Note_off_c, 6, 45, 0
3, 345360, Note_on_c, 6, 43, 95
3, 345600, Note_off_c, 6, 43, 0
3, 345600, Note_on_c, 6, 40, 95
3, 346080, Note_off_c, 6, 40, 0
3, 346080, Note_on_c, 6, 50, 95
3, 346320, Note_off_c, 6, 50, 0
3, 346560, Note_on_c, 6, 52, 95
3, 346800, Note_off_c, 6, 52, 0
3, 347040, Note_on_c, 6, 40, 95
3, 347280, Note_off_c, 6, 40, 0
3, 347280, Note_on_c, 6, 50, 95
3, 347520, Note_off_c, 6, 50, 0
3, 347520, Note_on_c, 6, 40, 95
3, 347760, Note_off_c, 6, 40, 0
3, 347760, Note_on_c, 6, 50, 95
3, 348000, Note_off_c, 6, 50, 0
3, 348240, Note_on_c, 6, 52, 95
3, 348480, Note_off_c, 6, 52, 0
3, 348720, Note_on_c, 6, 40, 95
3, 349440, Note_off_c, 6, 40, 0
3, 349440, Note_on_c, 6, 38, 95
3, 349920, Note_off_c, 6, 38, 0
3, 349920, Note_on_c, 6, 50, 95
3, 350160, Note_off_c, 6, 50, 0
3, 350400, Note_on_c, 6, 52, 95
3, 350640, Note_off_c, 6, 52, 0
3, 350880, Note_on_c, 6, 38, 95
3, 351120, Note_off_c, 6, 38, 0
3, 351120, Note_on_c, 6, 50, 95
3, 351360, Note_off_c, 6, 50, 0
3, 351360, Note_on_c, 6, 38, 95
3, 351600, Note_off_c, 6, 38, 0
3, 351600, Note_on_c, 6, 50, 95
3, 351840, Note_off_c, 6, 50, 0
3, 352080, Note_on_c, 6, 52, 95
3, 352320, Note_off_c, 6, 52, 0
3, 352560, Note_on_c, 6, 38, 95
3, 353280, Note_off_c, 6, 38, 0
3, 353280, Note_on_c, 6, 35, 95
3, 353520, Note_off_c, 6, 35, 0
3, 353760, Note_on_c, 6, 50, 95
3, 354000, Note_off_c, 6, 50, 0
3, 354240, Note_on_c, 6, 50, 95
3, 354480, Note_off_c, 6, 50, 0
3, 354720, Note_on_c, 6, 35, 95
3, 354960, Note_off_c, 6, 35, 0
3, 355200, Note_on_c, 6, 35, 95
3, 355440, Note_off_c, 6, 35, 0
3, 355440, Note_on_c, 6, 50, 95
3, 355680, Note_off_c, 6, 50, 0
3, 355920, Note_on_c, 6, 50, 95
3, 356160, Note_off_c, 6, 50, 0
3, 356400, Note_on_c, 6, 35, 95
3, 356640, Note_off_c, 6, 35, 0
3, 356640, Note_on_c, 6, 35, 95
3, 356880, Note_off_c, 6, 35, 0
3, 356880, Note_on_c, 6, 35, 95
3, 357120, Note_off_c, 6, 35, 0
3, 357120, Note_on_c, 6, 36, 95
3, 357600, Note_off_c, 6, 36, 0
3, 357600, Note_on_c, 6, 50, 95
3, 357840, Note_off_c, 6, 50, 0
3, 358080, Note_on_c, 6, 36, 95
3, 358320, Note_off_c, 6, 36, 0
3, 358560, Note_on_c, 6, 36, 95
3, 359040, Note_off_c, 6, 36, 0
3, 359280, Note_on_c, 6, 52, 95
3, 359520, Note_off_c, 6, 52, 0
3, 359760, Note_on_c, 6, 50, 95
3, 360240, Note_off_c, 6, 50, 0
3, 360240, Note_on_c, 6, 43, 95
3, 360480, Note_off_c, 6, 43, 0
3, 360480, Note_on_c, 6, 45, 95
3, 360720, Note_off_c, 6, 45, 0
3, 360720, Note_on_c, 6, 43, 95
3, 360960, Note_off_c, 6, 43, 0
3, 360960, Note_on_c, 6, 40, 95
3, 361440, Note_off_c, 6, 40, 0
3, 361440, Note_on_c, 6, 50, 95
3, 361680, Note_off_c, 6, 50, 0
3, 361920, Note_on_c, 6, 52, 95
3, 362160, Note_off_c, 6, 52, 0
3, 362400, Note_on_c, 6, 40, 95
3, 362640, Note_off_c, 6, 40, 0
3, 362640, Note_on_c, 6, 50, 95
3, 362880, Note_off_c, 6, 50, 0
3, 362880, Note_on_c, 6, 40, 95
3, 363120, Note_off_c, 6, 40, 0
3, 363120, Note_on_c, 6, 50, 95
3, 363360, Note_off_c, 6, 50, 0
3, 363600, Note_on_c, 6, 52, 95
3, 363840, Note_off_c, 6, 52, 0
3, 364080, Note_on_c, 6, 40, 95
3, 364800, Note_off_c, 6, 40, 0
3, 364800, Note_on_c, 6, 38, 95
3, 365280, Note_off_c, 6, 38, 0
3, 365280, Note_on_c, 6, 50, 95
3, 365520, Note_off_c, 6, 50, 0
3, 365760, Note_on_c, 6, 52, 95
3, 366000, Note_off_c, 6, 52, 0
3, 366240, Note_on_c, 6, 38, 95
3, 366480, Note_off_c, 6, 38, 0
3, 366480, Note_on_c, 6, 50, 95
3, 366720, Note_off_c, 6, 50, 0
3, 366720, Note_on_c, 6, 38, 95
3, 366960, Note_off_c, 6, 38, 0
3, 366960, Note_on_c, 6, 50, 95
3, 367200, Note_off_c, 6, 50, 0
3, 367440, Note_on_c, 6, 52, 95
3, 367680, Note_off_c, 6, 52, 0
3, 367920, Note_on_c, 6, 38, 95
3, 368640, Note_off_c, 6, 38, 0
3, 368640, Note_on_c, 6, 35, 95
3, 368880, Note_off_c, 6, 35, 0
3, 369120, Note_on_c, 6, 50, 95
3, 369360, Note_off_c, 6, 50, 0
3, 369600, Note_on_c, 6, 50, 95
3, 369840, Note_off_c, 6, 50, 0
3, 370080, Note_on_c, 6, 35, 95
3, 370320, Note_off_c, 6, 35, 0
3, 370560, Note_on_c, 6, 35, 95
3, 370800, Note_off_c, 6, 35, 0
3, 370800, Note_on_c, 6, 50, 95
3, 371040, Note_off_c, 6, 50, 0
3, 371280, Note_on_c, 6, 50, 95
3, 371520, Note_off_c, 6, 50, 0
3, 371760, Note_on_c, 6, 35, 95
3, 372000, Note_off_c, 6, 35, 0
3, 372000, Note_on_c, 6, 35, 95
3, 372240, Note_off_c, 6, 35, 0
3, 372240, Note_on_c, 6, 35, 95
3, 372480, Note_off_c, 6, 35, 0
3, 372480, Note_on_c, 6, 36, 95
3, 372960, Note_off_c, 6, 36, 0
3, 372960, Note_on_c, 6, 50, 95
3, 373200, Note_off_c, 6, 50, 0
3, 373440, Note_on_c, 6, 52, 95
3, 373680, Note_off_c, 6, 52, 0
3, 373920, Note_on_c, 6, 36, 95
3, 374160, Note_off_c, 6, 36, 0
3, 374160, Note_on_c, 6, 50, 95
3, 374400, Note_off_c, 6, 50, 0
3, 374400, Note_on_c, 6, 36, 95
3, 374640, Note_off_c, 6, 36, 0
3, 374640, Note_on_c, 6, 50, 95
3, 374880, Note_off_c, 6, 50, 0
3, 375120, Note_on_c, 6, 52, 95
3, 375360, Note_off_c, 6, 52, 0
3, 375600, Note_on_c, 6, 36, 95
3, 376320, Note_off_c, 6, 36, 0
3, 376320, End_track
4, 0, Start_track
4, 0, MIDI_port, 1
4, 0, Title_t, "Anthony (bkgd. gtr.)?"
4, 0, Program_c, 2, 27
4, 253440, Note_on_c, 2, 64, 95
4, 253680, Note_off_c, 2, 64, 0
4, 253680, Note_on_c, 2, 76, 95
4, 253920, Note_off_c, 2, 76, 0
4, 253920, Note_on_c, 2, 71, 95
4, 254160, Note_off_c, 2, 71, 0
4, 254160, Note_on_c, 2, 67, 95
4, 254400, Note_off_c, 2, 67, 0
4, 254400, Note_on_c, 2, 76, 95
4, 254640, Note_off_c, 2, 76, 0
4, 254640, Note_on_c, 2, 71, 95
4, 254880, Note_off_c, 2, 71, 0
4, 254880, Note_on_c, 2, 67, 95
4, 255120, Note_off_c, 2, 67, 0
4, 255120, Note_on_c, 2, 72, 95
4, 255360, Note_off_c, 2, 72, 0
4, 255360, Note_on_c, 2, 67, 95
4, 255600, Note_off_c, 2, 67, 0
4, 255600, Note_on_c, 2, 72, 95
4, 255840, Note_off_c, 2, 72, 0
4, 255840, Note_on_c, 2, 67, 95
4, 256080, Note_off_c, 2, 67, 0
4, 256080, Note_on_c, 2, 64, 95
4, 256320, Note_off_c, 2, 64, 0
4, 256320, Note_on_c, 2, 72, 95
4, 256560, Note_off_c, 2, 72, 0
4, 256560, Note_on_c, 2, 67, 95
4, 256800, Note_off_c, 2, 67, 0
4, 256800, Note_on_c, 2, 64, 95
4, 257040, Note_off_c, 2, 64, 0
4, 257040, Note_on_c, 2, 72, 95
4, 257280, Note_off_c, 2, 72, 0
4, 257280, Note_on_c, 2, 62, 95
4, 257520, Note_off_c, 2, 62, 0
4, 257520, Note_on_c, 2, 74, 95
4, 257760, Note_off_c, 2, 74, 0
4, 257760, Note_on_c, 2, 69, 95
4, 258000, Note_off_c, 2, 69, 0
4, 258000, Note_on_c, 2, 66, 95
4, 258240, Note_off_c, 2, 66, 0
4, 258240, Note_on_c, 2, 74, 95
4, 258480, Note_off_c, 2, 74, 0
4, 258480, Note_on_c, 2, 69, 95
4, 258720, Note_off_c, 2, 69, 0
4, 258720, Note_on_c, 2, 66, 95
4, 258960, Note_off_c, 2, 66, 0
4, 258960, Note_on_c, 2, 71, 95
4, 259200, Note_off_c, 2, 71, 0
4, 259200, Note_on_c, 2, 66, 95
4, 259440, Note_off_c, 2, 66, 0
4, 259440, Note_on_c, 2, 71, 95
4, 259680, Note_off_c, 2, 71, 0
4, 259680, Note_on_c, 2, 66, 95
4, 259920, Note_off_c, 2, 66, 0
4, 259920, Note_on_c, 2, 62, 95
4, 260160, Note_off_c, 2, 62, 0
4, 260160, Note_on_c, 2, 71, 95
4, 260400, Note_off_c, 2, 71, 0
4, 260400, Note_on_c, 2, 66, 95
4, 260640, Note_off_c, 2, 66, 0
4, 260640, Note_on_c, 2, 62, 95
4, 260880, Note_off_c, 2, 62, 0
4, 260880, Note_on_c, 2, 71, 95
4, 261120, Note_off_c, 2, 71, 0
4, 261120, Note_on_c, 2, 59, 95
4, 261360, Note_off_c, 2, 59, 0
4, 261360, Note_on_c, 2, 69, 95
4, 261600, Note_off_c, 2, 69, 0
4, 261600, Note_on_c, 2, 66, 95
4, 261840, Note_off_c, 2, 66, 0
4, 261840, Note_on_c, 2, 62, 95
4, 262080, Note_off_c, 2, 62, 0
4, 262080, Note_on_c, 2, 69, 95
4, 262320, Note_off_c, 2, 69, 0
4, 262320, Note_on_c, 2, 66, 95
4, 262560, Note_off_c, 2, 66, 0
4, 262560, Note_on_c, 2, 62, 95
4, 262800, Note_off_c, 2, 62, 0
4, 262800, Note_on_c, 2, 69, 95
4, 263040, Note_off_c, 2, 69, 0
4, 263040, Note_on_c, 2, 66, 95
4, 263280, Note_off_c, 2, 66, 0
4, 263280, Note_on_c, 2, 69, 95
4, 263520, Note_off_c, 2, 69, 0
4, 263520, Note_on_c, 2, 66, 95
4, 263760, Note_off_c, 2, 66, 0
4, 263760, Note_on_c, 2, 62, 95
4, 264000, Note_off_c, 2, 62, 0
4, 264000, Note_on_c, 2, 69, 95
4, 264240, Note_off_c, 2, 69, 0
4, 264240, Note_on_c, 2, 66, 95
4, 264480, Note_off_c, 2, 66, 0
4, 264480, Note_on_c, 2, 62, 95
4, 264720, Note_off_c, 2, 62, 0
4, 264720, Note_on_c, 2, 69, 95
4, 264960, Note_off_c, 2, 69, 0
4, 264960, Note_on_c, 2, 60, 95
4, 265200, Note_off_c, 2, 60, 0
4, 265200, Note_on_c, 2, 71, 95
4, 265440, Note_off_c, 2, 71, 0
4, 265440, Note_on_c, 2, 67, 95
4, 265680, Note_off_c, 2, 67, 0
4, 265680, Note_on_c, 2, 64, 95
4, 265920, Note_off_c, 2, 64, 0
4, 265920, Note_on_c, 2, 71, 95
4, 266160, Note_off_c, 2, 71, 0
4, 266160, Note_on_c, 2, 67, 95
4, 266400, Note_off_c, 2, 67, 0
4, 266400, Note_on_c, 2, 64, 95
4, 266640, Note_off_c, 2, 64, 0
4, 266640, Note_on_c, 2, 71, 95
4, 266880, Note_off_c, 2, 71, 0
4, 266880, Note_on_c, 2, 67, 95
4, 267120, Note_off_c, 2, 67, 0
4, 267120, Note_on_c, 2, 71, 95
4, 267120, Note_on_c, 2, 67, 95
4, 267360, Note_off_c, 2, 71, 0
4, 267360, Note_off_c, 2, 67, 0
4, 267360, Note_on_c, 2, 64, 95
4, 267600, Note_off_c, 2, 64, 0
4, 267600, Note_on_c, 2, 60, 95
4, 267840, Note_off_c, 2, 60, 0
4, 267840, Note_on_c, 2, 62, 95
4, 268080, Note_off_c, 2, 62, 0
4, 268080, Note_on_c, 2, 69, 95
4, 268320, Note_off_c, 2, 69, 0
4, 268320, Note_on_c, 2, 66, 95
4, 268560, Note_off_c, 2, 66, 0
4, 268560, Note_on_c, 2, 62, 95
4, 268800, Note_off_c, 2, 62, 0
4, 268800, Note_on_c, 2, 64, 95
4, 269040, Note_off_c, 2, 64, 0
4, 269040, Note_on_c, 2, 76, 95
4, 269280, Note_off_c, 2, 76, 0
4, 269280, Note_on_c, 2, 71, 95
4, 269520, Note_off_c, 2, 71, 0
4, 269520, Note_on_c, 2, 67, 95
4, 269760, Note_off_c, 2, 67, 0
4, 269760, Note_on_c, 2, 76, 95
4, 270000, Note_off_c, 2, 76, 0
4, 270000, Note_on_c, 2, 71, 95
4, 270240, Note_off_c, 2, 71, 0
4, 270240, Note_on_c, 2, 67, 95
4, 270480, Note_off_c, 2, 67, 0
4, 270480, Note_on_c, 2, 72, 95
4, 270720, Note_off_c, 2, 72, 0
4, 270720, Note_on_c, 2, 67, 95
4, 270960, Note_off_c, 2, 67, 0
4, 270960, Note_on_c, 2, 72, 95
4, 271200, Note_off_c, 2, 72, 0
4, 271200, Note_on_c, 2, 67, 95
4, 271440, Note_off_c, 2, 67, 0
4, 271440, Note_on_c, 2, 64, 95
4, 271680, Note_off_c, 2, 64, 0
4, 271680, Note_on_c, 2, 72, 95
4, 271920, Note_off_c, 2, 72, 0
4, 271920, Note_on_c, 2, 67, 95
4, 272160, Note_off_c, 2, 67, 0
4, 272160, Note_on_c, 2, 64, 95
4, 272400, Note_off_c, 2, 64, 0
4, 272400, Note_on_c, 2, 72, 95
4, 272640, Note_off_c, 2, 72, 0
4, 272640, Note_on_c, 2, 62, 95
4, 272880, Note_off_c, 2, 62, 0
4, 272880, Note_on_c, 2, 74, 95
4, 273120, Note_off_c, 2, 74, 0
4, 273120, Note_on_c, 2, 69, 95
4, 273360, Note_off_c, 2, 69, 0
4, 273360, Note_on_c, 2, 66, 95
4, 273600, Note_off_c, 2, 66, 0
4, 273600, Note_on_c, 2, 74, 95
4, 273840, Note_off_c, 2, 74, 0
4, 273840, Note_on_c, 2, 69, 95
4, 274080, Note_off_c, 2, 69, 0
4, 274080, Note_on_c, 2, 66, 95
4, 274320, Note_off_c, 2, 66, 0
4, 274320, Note_on_c, 2, 71, 95
4, 274560, Note_off_c, 2, 71, 0
4, 274560, Note_on_c, 2, 66, 95
4, 274800, Note_off_c, 2, 66, 0
4, 274800, Note_on_c, 2, 71, 95
4, 275040, Note_off_c, 2, 71, 0
4, 275040, Note_on_c, 2, 66, 95
4, 275280, Note_off_c, 2, 66, 0
4, 275280, Note_on_c, 2, 62, 95
4, 275520, Note_off_c, 2, 62, 0
4, 275520, Note_on_c, 2, 71, 95
4, 275760, Note_off_c, 2, 71, 0
4, 275760, Note_on_c, 2, 66, 95
4, 276000, Note_off_c, 2, 66, 0
4, 276000, Note_on_c, 2, 62, 95
4, 276240, Note_off_c, 2, 62, 0
4, 276240, Note_on_c, 2, 71, 95
4, 276480, Note_off_c, 2, 71, 0
4, 276480, Note_on_c, 2, 59, 95
4, 276720, Note_off_c, 2, 59, 0
4, 276720, Note_on_c, 2, 69, 95
4, 276960, Note_off_c, 2, 69, 0
4, 276960, Note_on_c, 2, 66, 95
4, 277200, Note_off_c, 2, 66, 0
4, 277200, Note_on_c, 2, 62, 95
4, 277440, Note_off_c, 2, 62, 0
4, 277440, Note_on_c, 2, 69, 95
4, 277680, Note_off_c, 2, 69, 0
4, 277680, Note_on_c, 2, 66, 95
4, 277920, Note_off_c, 2, 66, 0
4, 277920, Note_on_c, 2, 62, 95
4, 278160, Note_off_c, 2, 62, 0
4, 278160, Note_on_c, 2, 69, 95
4, 278400, Note_off_c, 2, 69, 0
4, 278400, Note_on_c, 2, 66, 95
4, 278640, Note_off_c, 2, 66, 0
4, 278640, Note_on_c, 2, 69, 95
4, 278880, Note_off_c, 2, 69, 0
4, 278880, Note_on_c, 2, 66, 95
4, 279120, Note_off_c, 2, 66, 0
4, 279120, Note_on_c, 2, 62, 95
4, 279360, Note_off_c, 2, 62, 0
4, 279360, Note_on_c, 2, 69, 95
4, 279600, Note_off_c, 2, 69, 0
4, 279600, Note_on_c, 2, 66, 95
4, 279840, Note_off_c, 2, 66, 0
4, 279840, Note_on_c, 2, 62, 95
4, 280080, Note_off_c, 2, 62, 0
4, 280080, Note_on_c, 2, 69, 95
4, 280320, Note_off_c, 2, 69, 0
4, 280560, Note_on_c, 2, 71, 95
4, 280800, Note_off_c, 2, 71, 0
4, 280800, Note_on_c, 2, 67, 95
4, 281040, Note_off_c, 2, 67, 0
4, 281040, Note_on_c, 2, 64, 95
4, 281280, Note_off_c, 2, 64, 0
4, 281280, Note_on_c, 2, 71, 95
4, 281520, Note_off_c, 2, 71, 0
4, 281520, Note_on_c, 2, 67, 95
4, 281760, Note_off_c, 2, 67, 0
4, 281760, Note_on_c, 2, 64, 95
4, 282000, Note_off_c, 2, 64, 0
4, 282000, Note_on_c, 2, 71, 95
4, 282000, Note_on_c, 2, 67, 95
4, 282000, Note_on_c, 2, 64, 95
4, 282480, Note_off_c, 2, 71, 0
4, 282480, Note_off_c, 2, 67, 0
4, 282480, Note_off_c, 2, 64, 0
4, 282480, Note_on_c, 2, 71, 95
4, 282480, Note_on_c, 2, 67, 95
4, 282480, Note_on_c, 2, 64, 95
4, 282720, Note_off_c, 2, 71, 0
4, 282720, Note_off_c, 2, 67, 0
4, 282720, Note_off_c, 2, 64, 0
4, 282720, Note_on_c, 2, 71, 95
4, 282720, Note_on_c, 2, 67, 95
4, 282720, Note_on_c, 2, 64, 95
4, 283200, Note_off_c, 2, 71, 0
4, 283200, Note_off_c, 2, 67, 0
4, 283200, Note_off_c, 2, 64, 0
4, 283200, Note_on_c, 2, 71, 95
4, 283200, Note_on_c, 2, 67, 95
4, 283200, Note_on_c, 2, 64, 95
4, 284160, Note_off_c, 2, 71, 0
4, 284160, Note_off_c, 2, 67, 0
4, 284160, Note_off_c, 2, 64, 0
4, 284160, End_track
0, 0, End_of_file
